名稱,外框,文字,名稱（英文）,文字,名稱(日文),文字,名稱（簡體中文）,文字
,,,,,,,,
有效ATK與有效MATK,category,名詞說明  重要,,,,,有效ATK与有效MATK,名词说明  重要
,caption,((!有效ATK))為物理技能在計算傷害時的基礎值，魔法技能則使用((!有效MATK))，另有部分技能/武器擁有特殊的有效ATK計算方式。,,,,,,((!有效ATK))为物理技能在计算伤害时的基础值，魔法技能则使用((!有效MATK))，另有部分技能/武器拥有特殊的有效ATK计算方式。
,list,對於大多數物理技能，((!有效ATK))公式為(( (角色ATK+角色等級-目標等級)×(100-目標物理抗性)%-目標DEF×(100-角色物理貫穿)% )),,,,,,对于大多数物理技能，((!有效ATK))公式为(( (角色ATK+角色等级-目标等级)×(100-目标物理抗性)%-目标DEF×(100-角色物理贯穿)% ))
,,((!有效MATK))與上式相似，僅需將公式內的所有參數變更為魔法相關參數即可（如角色ATK變為MATK、物理抗性變為魔法抗性）。,,,,,,((!有效MATK))与上式相似，仅需将公式内的所有参数变更为魔法相关参数即可（如角色ATK变为MATK、物理抗性变为魔法抗性）。
,,有效ATK/有效MATK可以為負數，在此狀況下會與技能常數抵銷。,,,,,,有效ATK/有效MATK可以为负数，在此状况下会与技能常数抵销。
總傷害與最終傷害,category,名詞說明  重要,,,,,总伤害与最终伤害,名词说明  重要
,caption,((!總傷害))與((!最終傷害))為兩類不同加成倍率項，在計算傷害時，兩者分別計算總倍率後，再與基礎傷害相乘。,,,,,,((!总伤害))与((!最终伤害))为两类不同加成倍率项，在计算伤害时，两者分别计算总倍率后，再与基础伤害相乘。
,list,此二名詞為魔法書所創造，遊戲內並無對應名詞。不過經分析，此二者差別為屬於被動效果或主動效果，被動類技能皆屬於((!總傷害))類、主動類技能則皆屬於((!最終傷害))類。,,,,,,此二名词为魔法书所创造，游戏内并无对应名词。不过经分析，此二者差别为属于被动效果或主动效果，被动类技能皆属于((!总伤害))类、主动类技能则皆属于((!最终伤害))类。
,,此外，#[雷吉斯托環]的((!修行者))與((!無之架式))，皆屬於獨立乘區，計算傷害時直接在最終值上相乘即可。,,,,,,此外，#[雷吉斯托环]的((!修行者))与((!无之架式))，皆属于独立乘区，计算伤害时直接在最终值上相乘即可。
動作時間幀數,category,名詞說明 重要,,,,,动作时间帧数,名词说明 重要
,caption,由於遊戲為60FPS，故測試結果以幀數(Frame)表示。,,,,,,由于游戏为60FPS，故测试结果以帧数(Frame)表示。
,list,若要換算秒數，將幀數除以60即可得出動作秒數。,,,,,,若要换算秒数，将帧数除以60即可得出动作秒数。
,,,,,,,,
技能動作,category,名詞說明 重要,,,,,技能动作,名词说明 重要
,caption,魔法書所述技能動作並不包含詠唱時間。,,,,,,魔法书所述技能动作并不包含咏唱时间。
,list,經實測，一個技能動作中有分為「((!可加速動作))」及「((!固定速度動作))」，固定動作中有約4幀是可以藉由技能中斷普攻，而使技能動作快4幀。,,,,,,
,,角色能力中的((!行動速度))表示動作時間的縮短量，例如((!行動速度))+((!40%))表示技能動作只需((!60%))時間，但((!固定速度動作))的部分無法加速。,,,,,,角色能力中的((!行动速度))表示动作时间的缩短量，例如((!行动速度))+((!40%))表示技能动作只需((!60%))时间，但((!固定速度动作))的部分无法加速。
,,槍、拔刀、雙劍以外職業，可以任意在普攻時發動技能(即斷攻)，因此非前三種職業單放或為連擊開頭技能時，大多會少4幀。,,,,,,枪、拔刀、双剑以外职业，可以任意在普攻时发动技能(即断攻)，因此非前三种职业单放或为连击开头技能时，大多会少4帧。
每下傷害共用判定/分開判定,category,名詞說明  重要,,,,,每下伤害共用判定/分开判定,名词说明  重要
,caption,此名詞意指((!多段式傷害))技能計算傷害時，((!變量值))與((!命中狀況))在何時判定。((!共用判定))者，其判定僅進行一次（判定時機可能在((!發動時))、((!詠唱完畢))時或在((!第一擊))命中時完成），並將結果複製到後續每一段傷害上；((!分開判定))者，每次傷害皆單獨判定。,,,,,,此名词意指((!多段式伤害))技能计算伤害时，((!变量值))与((!命中状况))在何时判定。 ((!共用判定))者，其判定仅进行一次（判定时机可能在((!发动时))、((!咏唱完毕))时或在((!第一击))命中时完成），并将结果复制到后续每一段伤害上；((!分开判定))者，每次伤害皆单独判定。
,list,此處所說的判定，包含：命中、暴擊、閃躲/阻擋判定、與傷害公式中的((!穩定率值))取值。不包含((!造成慣性))與((!慣性值))的判定、((!限傷))判定。,,,,,,此处所说的判定，包含：命中、暴击、闪躲/阻挡判定、与伤害公式中的((!稳定率值))取值。不包含((!造成惯性))与((!惯性值))的判定、((!限伤))判定。
,,在魔法書中，若一個技能被分成多個子傷害部分，默認在各個子傷害間為((!分開判定))。,,,,,,在魔法书中，若一个技能被分成多个子伤害部分，默认在各个子伤害间为((!分开判定))。
與目標距離,category,遊戲系統說明  重要,,,,,与目标距离,游戏系统说明  重要
,caption,遊戲內判定與目標距離時，為與怪物的「體型邊界」（碰撞箱）的距離，故體型不同的目標實際距離與目視距離會有所不同。,,,,,,游戏内判定与目标距离时，为与怪物的「体型边界」（碰撞箱）的距离，故体型不同的目标实际距离与目视距离会有所不同。
,list,遊戲中顯示在怪物腳下的距離，為((!無條件進位制))，即剛好處於2m時顯示為2，2.1~3.0m皆顯示為3m。,,,,,,游戏中显示在怪物脚下的距离，为((!无条件进位制))，即刚好处于2m时显示为2，2.1~3.0m皆显示为3m。
,,距離小於等於7m時屬於近距離攻擊，距離大於7m時（遊戲顯示8m）為遠距離攻擊。,,,,,,距离小于等于7m时属于近距离攻击，距离大于7m时（游戏显示8m）为远距离攻击。
,,但為方便玩家判斷，在本站技能查詢中與距離有關的數值，仍然是按照遊戲畫面顯示之數字。例如遠程狙擊仍描述為8m以上，而非實際的7m。,,,,,,但为方便玩家判断，在本站技能查询中与距离有关的数值，仍然是按照游戏画面显示之数字。例如远程狙击仍描述为8m以上，而非实际的7m。
元素屬性判定,category,遊戲系統說明  重要,,,,,元素属性判定,游戏系统说明  重要
,caption,普通攻擊與技能皆可能帶有((!元素屬性))，若傷害的元素屬性剋制目標屬性，則對屬性傷害((!+25%))；元素屬性即使被剋制也不會導致傷害下降。,,,,,,普通攻击与技能皆可能带有((!元素属性))，若伤害的元素属性克制目标属性，则对属性伤害((!+25%))；元素属性即使被克制也不会导致伤害下降。
,list,在魔法書中，沒有標示((!元素屬性))的技能，表示它們是((!跟隨角色武器屬性))（不跟隨的技能，例如((!法術/終結))，會特別標註是((!無屬性))）。,,,,,,
,,在魔法書中，若技能傷害中標示了屬性，表示該傷害的((!元素屬性))固定，不受武器屬性影響。（除非有#[雙重屬性]的效果）。,,,,,,在魔法书中，若技能伤害中标示了属性，表示该伤害的((!元素属性))固定，不受武器属性影响。 （除非有#[双重属性]的效果）。
,,對於((!普通攻擊))與跟隨角色武器屬性的攻擊技能，((!元素屬性))即為((!主手武器))的屬性。,,,,,,对于((!普通攻击))与跟随角色武器属性的攻击技能，((!元素属性))即为((!主手武器))的属性。
,,罕見的，#[施放武器]為((!副手武器))的技能，則使用((!副手武器))的元素屬性。,,,,,,罕见的，#[施放武器]为((!副手武器))的技能，则使用((!副手武器))的元素属性。
,,對於副手為箭矢的((!弓、弩))，屬性將優先跟隨((!箭矢屬性))，除非箭矢為無屬性時，才會跟隨主手武器屬性。（學習((!元素所及))技能後，變成#[雙重屬性]判定）,,,,,,对于副手为箭矢的((!弓、弩))，属性将优先跟随((!箭矢属性))，除非箭矢为无属性时，才会跟随主手武器属性。 （学习((!元素所及))技能后，变成#[双重属性]判定）
,,當主手武器為((!法杖))或((!魔導具))時，須注意#[法術額外屬性傷害][法術額外屬性傷害/剋屬傷害]的計算，詳情請看對應名詞說明。,,,,,,当主手武器为((!法杖))或((!魔导具))时，须注意#[法术额外属性伤害][法术额外属性伤害/克属伤害]的计算，详情请看对应名词说明。
,,屬性剋制關係為：水剋火、火剋地、地剋風、風剋水、光剋暗、暗剋光、無屬性無法剋制。,,,,,,属性克制关系为：水克火、火克地、地克风、风克水、光克暗、暗克光、无属性无法克制。
,,裝備能力的「對X屬性傷害%」與剋制時提供的((!+25%))傷害為疊加，但「對X屬性傷害%」只要目標屬性正確即可生效，無須元素屬性剋制。,,,,,,装备能力的「对X属性伤害%」与克制时提供的((!+25%))伤害为叠加，但「对X属性伤害%」只要目标属性正确即可生效，无须元素属性克制。
命中等級判定,category,遊戲系統說明  重要,,,,,,游戏系统说明  重要
,caption,此條目說明遊戲判定每次攻擊的命中等級的方式，所謂命中等級，包含MISS(未命中)、#[Graze](擦傷)、HIT(非暴擊命中)、Critical(暴擊命中)。,,,,,,此条目说明游戏判定每次攻击的命中等级的方式，所谓命中等级，包含MISS(未命中)、#[Graze](擦伤)、HIT(非暴击命中)、Critical(暴击命中)。
,list,此條目資料來自Phantom Libs團隊，尤其感謝Xenesis的貢獻。,,,,,,此条目资料来自Phantom Libs团队，尤其感谢Xenesis的贡献。
,,0. 技能若有((!必定命中))屬性，直接獲得HIT判定，並進入第6步(不受#[閃光]影響)。<br>((!傷害類型))若為((!魔法))，則永遠為HIT，僅須執行暴擊判定。,,,,,,0. 技能若有((!必定命中))属性，直接获得HIT判定，并进入第6步(不受#[闪光]影响)。 <br>((!伤害类型))若为((!魔法))，则永远为HIT，仅须执行暴击判定。
,,1. 計算命中率=(([玩家HIT(命中)-怪物迴避]÷3+技能實際消耗MP÷10)) %，此項上限100%、下限0%。,,,,,,1. 计算命中率=(([玩家HIT(命中)-怪物回避]÷3+技能实际消耗MP÷10)) %，此项上限100%、下限0%。
,,2. 如果玩家有((!盲目))狀態，則((!計算命中率))*0.8(在7m內攻擊時)或*0.6(在7m外攻擊時)。,,,,,,2. 如果玩家有((!盲目))状态，则((!计算命中率))*0.8(在7m内攻击时)或*0.6(在7m外攻击时)。
,,3. 目標有#[閃光]狀態時，若((!計算命中率))<「武器的#[保底命中]×2」，則以後者作為最終的((!計算命中率))。,,,,,,3. 目标有#[闪光]状态时，若((!计算命中率))<「武器的#[保底命中]×2」，则以后者作为最终的((!计算命中率))。
,,4. 取0~100的隨機數，若小於((!計算命中率))，則此階段取MISS，否則為HIT。,,,,,,4. 取0~100的随机数，若小于((!计算命中率))，则此阶段取MISS，否则为HIT。
,,5. 玩家若有#[閃光]狀態，執行以下判定：<br>若上一步取HIT，則HIT變更為白Graze、繼續步驟6。<br>若上一步取MISS，則無Critical判定，以MISS判定跳到步驟7。,,,,,,5. 玩家若有#[闪光]状态，执行以下判定：<br>若上一步取HIT，则HIT变更为白Graze、继续步骤6。 <br>若上一步取MISS，则无Critical判定，以MISS判定跳到步骤7。
,,6. ((!判定暴擊))、暴擊判定成功時進行以下步驟；未暴擊時跳過此步：<br>目前為HIT判定，則變為Critical。<br>目前為MISS或白Graze判定，則變為黃Graze。,,,,,,6. ((!判定暴击))、暴击判定成功时进行以下步骤；未暴击时跳过此步：<br>目前为HIT判定，则变为Critical。 <br>目前为MISS或白Graze判定，则变为黄Graze。
,,7. 角色若有((!絕對命中))屬性(包括連擊效果#[心眼]提供)，並通過機率檢定，進行以下步驟，否則跳過此步：<br>若目前為Graze判定，則白Graze變為HIT、黃Graze變為Critical。<br>若目前為MISS判定，則變為HIT。,,,,,,7. 角色若有((!绝对命中))属性(包括连击效果#[心眼]提供)，并通过机率检定，进行以下步骤，否则跳过此步：<br>若目前为Graze判定，则白Graze变为HIT、黄Graze变为Critical。 <br>若目前为MISS判定，则变为HIT。
,,8. 本次攻擊若帶有連擊效果#[心眼]，進行以下步驟，否則跳過此步：<br>若處於#[閃光]狀態，跳過此步。<br>若目前為MISS判定，則變為白Graze。,,,,,,8. 本次攻击若带有连击效果#[心眼]，进行以下步骤，否则跳过此步：<br>若处于#[闪光]状态，跳过此步。 <br>若目前为MISS判定，则变为白Graze。
,,9. 若到此為止仍然為MISS判定，則檢查第4步之隨機數是否小於武器#[保底命中]，若是，改判定為白Graze。,,,,,,9. 若到此为止仍然为MISS判定，则检查第4步之随机数是否小于武器#[保底命中]，若是，改判定为白Graze。
,,MISS即未命中，不造成傷害與多數技能的附帶效果；#[Graze]效果參考相關條目，白字與黃字只差在是否享受暴擊傷害。,,,,,,MISS即未命中，不造成伤害与多数技能的附带效果；#[Graze]效果参考相关条目，白字与黄字只差在是否享受暴击伤害。
傷害慣性/造成慣性,category,名詞說明  重要,,,,,伤害惯性/造成惯性,名词说明  重要
,caption,((!傷害慣性))指計算傷害時，所採納的慣性類型；((!造成慣性))為傷害結束後對目標造成的慣性類型，兩者不一定為相同。,,,,,,((!伤害惯性))指计算伤害时，所采纳的惯性类型；((!造成惯性))为伤害结束后对目标造成的惯性类型，两者不一定为相同。
,list,除非有特別說明，否則單次技能只會對同一目標造成((!最多一次))慣性，無論傷害段數的多寡。,,,,,,除非有特别说明，否则单次技能只会对同一目标造成((!最多一次))惯性，无论伤害段数的多寡。
,,在魔法書中，傷害所附帶的慣性皆寫在該傷害的上方。,,,,,,在魔法书中，伤害所附带的惯性皆写在该伤害的上方。
,,對於((!多段式技能))，每一段傷害的((!傷害慣性))的值通常與第一擊命中時的慣性值相同。,,,,,,
,,對於((!多段式技能))，若第二段以後的傷害未說明((!造成慣性))類型，表示與((!第一段))相同；若有說明且與((!第一段))的慣性類型有異，表示將視怪物被哪一個傷害最先攻擊到，只有最先攻擊到的那次傷害會造成慣性。,,,,,,对于((!多段式技能))，若第二段以后的伤害未说明((!造成惯性))类型，表示与((!第一段))相同；若有说明且与((!第一段))的惯性类型有异，表示将视怪物被哪一个伤害最先攻击到，只有最先攻击到的那次伤害会造成惯性。
控制類異常,category,名詞說明,,,コントロール状態異常,用語説明,控制类异常,名词说明
,caption,可中斷行動，一段時間無法操作的異常狀態的總稱。包含#膽怯 、#翻覆 、#昏厥 、#逼退 。,,,,動作が中断し、一定時間操作できない異常状態の総称。含む#ひるむ 、#転倒 、#気絶 、#逼退 。,,可中断行动，一段时间无法操作的异常状态的总称。包含#胆怯 、#翻覆 、#昏厥 、#逼退 。
膽怯,category,控制型異常狀態,Flinch,,怯み,コントロール状態異常,胆怯,控制型异常状态
,caption,短時間內將無法行動，並可產生部位破壞（1秒）。抗性時間較短。,,,,一瞬の間行動不可にする，出現している部位破壊(1秒)。,,短时间内将无法行动，并可产生部位破坏（1秒）。抗性时间较短。
,list,詠唱((!魔法技能))時受到未帶有異常狀態之攻擊，有一定機率產生((!詠唱膽怯))，異常抗性對此類膽怯之防護效果下降。,,,,,,咏唱((!魔法技能))时受到未带有异常状态之攻击，有一定机率产生((!咏唱胆怯))，异常抗性对此类胆怯之防护效果下降。
,,((!抗性時間))依據BOSS難度而變，通常為：野怪與Normal以下1秒；Hard 3秒；Nightmare 6秒；Ultimate 9秒。,,,,,,
翻覆,category,控制型異常狀態,Tumble,,転倒,コントロール状態異常,翻覆,控制型异常状态
,caption,中時間內將無法行動，並可產生部位破壞（3秒）。抗性時間較長。,,,,,,中时间内将无法行动，并可产生部位破坏（3秒）。抗性时间较长。
昏厥,category,控制型異常狀態,Stun,,気絶,コントロール状態異常,昏厥,控制型异常状态
,caption,較長時間內將無法行動，並可產生部位破壞（5秒）。抗性時間很長。,,,,,,较长时间内将无法行动，并可产生部位破坏（5秒）。抗性时间很长。
逼退,category,控制型異常狀態,Knock Back,,,,逼退,控制型异常状态
,caption,會中斷動作及部分技能。期間無法作任何行動，並後退一段距離。,,,,,,会中断动作及部分技能。期间无法作任何行动，并后退一段距离。
,list,逼退距離的計算是以時間為基準，比如：被逼退1秒，即使受牆阻擋而未移動仍需等待1秒才能脫離逼退。,,,,,,逼退距离的计算是以时间为基准，比如：被逼退1秒，即使受墙阻挡而未移动仍需等待1秒才能脱离逼退。
睡眠,category,異常狀態,Sleep,,,,睡眠,异常状态
,caption,效果期間內無法進行任何行動。,,,,,,效果期间内无法进行任何行动。
,list,（額外效果）玩家角色：每3秒回復少量MP。,,,,（額外效果）プレイヤー：每3秒少し MP 回復する。,,（额外效果）玩家角色：每3秒回复少量MP。
,,（額外效果）怪物：若為BOSS，每3秒回復((最大生命×3%))的HP。,,,,,,（额外效果）怪物：若为BOSS，每3秒回复((最大生命×3%))的HP。
,,受到任意傷害即結束效果。,,,,,,受到任意伤害即结束效果。
麻痺,category,異常狀態,Paralysis,,麻痺,,麻痹,异常状态
,caption,降低攻擊速度。,,,,,,降低攻击速度。
,,玩家角色：ASPD-50%。,,,,,,
,,怪物，行動後的僵直時間延長1秒。,,,,,,
遲緩,category,異常狀態,Slow,,鈍足,,迟缓,异常状态
,caption,作用期間內移動速度降低50%，對大部分BOSS敵人無效果。,,,,,,作用期间内移动速度降低50%，对大部分BOSS敌人无效果。
,list,（2020/04/16以後）對於玩家，((!遲緩))會使得閃躲無法使用。,,,,,,（2020/04/16以后）对于玩家，((!迟缓))会使得闪躲无法使用。
停止,category,異常狀態,Stop,,,,停止,异常状态
,caption,作用期間內將無法通過方向鍵移動。BOSS單位則僅會降低移動速度。,,,,,,作用期间内将无法通过方向键移动。 BOSS单位则仅会降低移动速度。
,list,（2020/04/16以後）對於玩家，((!停止))會使得閃躲無法使用。,,,,,,（2020/04/16以后）对于玩家，((!停​​止))会使得闪躲无法使用。
乏力,category,異常狀態,Lethargy,,脱力,,乏力,异常状态
,caption,降低攻擊造成的傷害。,,,,,,降低攻击造成的伤害。
,list,怪物：對玩家造成的物理傷害-30%，不確定魔法傷害是否有效。,,,,,,怪物：对玩家造成的物理伤害-30%，不确定魔法伤害是否有效。
,,玩家角色：最終傷害-30%。,,,,,,玩家角色：最终伤害-30%。
盲目,category,異常狀態,Blind,,暗闇,,盲目,异常状态
,caption,(玩家陷入)面板HIT(命中)-50%、且計算命中率-20%(在7m內攻擊時)或-40%(在7m外攻擊時)。,,,,,,(玩家陷入)面板HIT(命中)-50%、且计算命中率-20%(在7m内攻击时)或-40%(在7m外攻击时)。
,list,(怪物陷入)怪物的面板HIT-60%。,,,,,,(怪物陷入)怪物的面板HIT-60%。
疾病,category,異常狀態,,,,,疾病,异常状态
,caption,作用期間內#異常抗性 減半(÷2)。,,,,,,作用期间内#异常抗性 减半(÷2)。
,list,異常抗性無法阻止此異常狀態的附加。,,,,,,异常抗性无法阻止此异常状态的附加。
眩暈,category,異常狀態,Dizzy,,眩暈,状態異常,眩晕,异常状态
,caption,對於BOSS敵人，期間內總閃躲率及總阻擋率減半；一般敵人則歸零。,,,,Avoid、Guardを0％にする；対象がボスの場合，効果は半減する。,,对于BOSS敌人，期间内总闪躲率及总阻挡率减半；一般敌人则归零。
,list,（2020/04/16以後）對於玩家，期間內阻擋與閃躲回復歸0。,,,,,,（2020/04/16以后）对于玩家，期间内阻挡与闪躲回复归0。
著火,category,異常狀態,Ignite,,発火,,着火,异常状态
,caption,作用期間內每3秒受到一定傷害。,,,,,,作用期间内每3秒受到一定伤害。
,list,玩家角色：每次受到((當前生命×15%))的傷害。,,,,,,玩家角色：每次受到((当前生命×15%))的伤害。
,,"怪物：每次受到(([總INT+總DEX+MATK×MIN(1,目標DEF÷(目標LV*3))]×(100-目標魔法抗性%)÷100))。",,,,,,"怪物：每次受到(([总INT+总DEX+MATK×MIN(1,目标DEF÷(目标LV*3))]×(100-目标魔法抗性%)÷100))。"
猛毒,category,異常狀態,Venom,,,,猛毒,异常状态
,caption,作用期間內每次((!行動))都會受到一定傷害。,,,,,,作用期间内每次((!行动))都会受到一定伤害。
,list,玩家角色：每次受到((當前HP×5%))的傷害。,,,,,,玩家角色：每次受到((当前HP×5%))的伤害。
,,怪物：傷害公式參見((!毒飛刀))技能頁面。,,,,,,怪物：伤害公式参见((!毒飞刀))技能页面。
,,((!行動))包含進行一般攻擊或施放任意技能。,,,,,,((!行动))包含进行一般攻击或施放任意技能。
,,技能((!分身射手))與((!修羅氣場))的白金毆打，每次攻擊皆會觸發一次((!猛毒))的傷害。,,,,,,技能((!分身射手))与((!修罗气场))的白金殴打，每次攻击皆会触发一次((!猛毒))的伤害。
,,(2024/03/14後)習得相關技能後，玩家賦予的猛毒將可疊層，最多3層，每多一層則傷害公式中((ATK+MATK))的部分會多一倍。,,,,,,
,,,,,,,,
閃光,category,異常狀態,Dazzled,,,,闪光,异常状态
,caption,（玩家賦予）對該目標造成的攻擊，將在原始命中率與2倍的((!武器保底命中))間，取較高者作為計算命中率。,,,,,,（玩家赋予）对该目标造成的攻击，将在原始命中率与2倍的((!武器保底命中))间，取较高者作为计算命中率。
,list,此處所指的((!計算命中率))，為命中等級判定的其中一個數值，影響傷害是HIT/Critical或擦傷/MISS。,,,,,,此处所指的((!计算命中率))，为命中等级判定的其中一个数值，影响伤害是HIT/Critical或擦伤/MISS。
,,#[保底命中]率的值，參閱相關條目。,,,,,,#[保底命中]率的值，参阅相关条目。
,,（玩家自身）陷入此狀態時，玩家的命中判定向下降低一階(但對#[必定命中]的技能無效)，判定方式見#[命中等級判定]。,,,,,,（玩家自身）陷入此状态时，玩家的命中判定向下降低一阶(但对#[必定命中]的技能无效)，判定方式见#[命中等级判定]。
,,,,,,,,
冰凍,category,異常狀態,Freeze,,凍結,,冰冻,异常状态
,caption,期間內總行動時間變為兩倍。,,,,,,期间内总行动时间变为两倍。
,list,計算((!行動時間))時，先應用((!行動速度))的減免後，再計算冰凍效果。,,,,,,计算((!行动时间))时，先应用((!行动速度))的减免后，再计算冰冻效果。
,,增加的是((!行動時間))，因此部分不受行動速度影響的技能（如((!潛龍憾地))），仍會被冰凍效果影響。,,,,,,增加的是((!行动时间))，因此部分不受行动速度影响的技能（如((!潜龙憾地))），仍会被冰冻效果影响。
降防,category,異常狀態,Armor Break,,,,降防,异常状态
,caption,增加所受到的傷害。,,,,,,增加所受到的伤害。
,list,怪物：DEF-50%、MDEF-50%。,,,,,,怪物：DEF-50%、MDEF-50%。
,,玩家角色：物理抗性、魔法抗性-50%、無法發動阻擋。,,,,,,玩家角色：物理抗性、魔法抗性-50%、无法发动阻挡。
畏懼,category,異常狀態,Fear,,恐怖,,畏惧,异常状态
,caption,作用期間內，每次行動皆有一定機率被中斷。,,,,,,作用期间内，每次行动皆有一定机率被中断。
,list,((!行動))包含進行一般攻擊或施放任意技能。,,,,,,((!行动))包含进行一般攻击或施放任意技能。
,,因為畏懼效果而中斷的技能，依然會消耗MP。,,,,,,因为畏惧效果而中断的技能，依然会消耗MP。
,,敵人行動被中斷時，會在原地發呆約1~2秒。,,,,,,敌人行动被中断时，会在原地发呆约1~2秒。
出血,category,異常狀態,Bleed,,,,出血,异常状态
,caption,對於玩家：期間內無法使用任何物理傷害技能。,,,,,,对于玩家：期间内无法使用任何物理伤害技能。
,list,對於怪物：暴擊率與暴擊傷害下降。,,,,,,对于怪物：暴击率与暴击伤害下降。
沉默,category,異常狀態,,,,,沉默,异常状态
,caption,對於玩家：期間內無法使用任何魔法傷害技能。,,,,,,对于玩家：期间内无法使用任何魔法伤害技能。
,list,對於怪物：魔法攻擊-30%,,,,,,对于怪物：魔法攻击-30%
衰弱,category,異常狀態,Weaken,,,,衰弱,异常状态
,caption,視受影響目標玩家或怪物，而產生不同的效果。,,,,,,视受影响目标玩家或怪物，而产生不同的效果。
,list,玩家角色：所有技能的消耗MP增加100。,,,,,,玩家角色：所有技能的消耗MP增加100。
,,怪物：以((!屬性有利的魔法技能))攻擊受此狀態影響的目標時，該次攻擊的#法術暴擊轉化率 ((!+50%))、((!法術暴傷轉化率+0%))；怪物不為BOSS時，再降低25% mdef。,,,,,,怪物：以((!属性有利的魔法技能))攻击受此状态影响的目标时，该次攻击的#法术暴击转化率 ((!+50%))、((!法术暴伤转化率+0%))；怪物不为BOSS时，再降低25% mdef。
,,(2025年3月後)主手為杖或魔導具時，衰弱不再需要((!克制屬性))才能觸發效果。,,,,,,(2025年3月后)主手为杖或魔导具时，衰弱不再需要((!克制属性))才能触发效果。
魔力爆發,category,異常狀態,Mana Explosion,,,,魔力爆发,异常状态
,caption,狀態倒數結束時，清空玩家之MP，並依據清空的MP量給予相應傷害。,,,,,,状态倒数结束时，清空玩家之MP，并依据清空的MP量给予相应伤害。
,list,少數怪物的魔力爆發狀態時長為0秒，亦即會立刻造成傷害。,,,,,,少数怪物的魔力爆发状态时长为0秒，亦即会立刻造成伤害。
詛咒,category,異常狀態,,,,,诅咒,异常状态
,caption,視受影響目標玩家或怪物，而產生不同的效果。,,,,,,视受影响目标玩家或怪物，而产生不同的效果。
,list,對於玩家：暴擊所造成的最終傷害((!-50))%,,,,,,对于玩家：暴击所造成的最终伤害((!-50))%
,,對於怪物：降低暴擊抗性10%。,,,,,,对于怪物：降低暴击抗性10%。
疲勞,category,異常狀態,Fatigue,,疲労,,疲劳,异常状态
,caption,期間內最終穩定率除以2。,,,,,,期间内最终稳定率除以2。
暴走,category,異常狀態,,,,,,异常状态
,caption,（僅玩家）期間內技能會強制附加#[執著]的效果。,,,,,,（仅玩家）期间内技能会强制附加#[执着]的效果。
石化,category,異常狀態,Petrified,,,,,异常状态
,caption,被石化後將無法進行任何行動，並丟失所有恨意值，但石化期間免疫所有傷害。,,,,,,被石化后将无法进行任何行动，并丢失所有恨意值，但石化期间免疫所有伤害。
反轉,category,異常狀態,,,,,,
,caption,受到此效果的瞬間，使當前的剩餘HP比例與MP比例對調。,,,,,,
無敵,category,異常狀態,Invincible,,,,无敌,异常状态
,caption,使自身閃避受到的所有傷害（變成miss）。,,,,,,使自身闪避受到的所有伤害（变成miss）。
,list,攻擊附帶的((!異常狀態))也會被無效化。,,,,,,攻击附带的((!异常状态))也会被无效化。
,,無敵屬於((!異常狀態))的一種，故已有無敵效果時，無法再次獲取該效果（持續時間不會累加或刷新）。,,,,,,无敌属于((!异常状态))的一种，故已有无敌效果时，无法再次获取该效果（持续时间不会累加或刷新）。
,,((!連擊))效果的「無敵」與((!無敵急救))的「無敵」，與技能提供的無敵為不同狀態，可以並存。,,,,,,((!连击))效果的「无敌」与((!无敌急救))的「无敌」，与技能提供的无敌为不同状态，可以并存。
異常抗性,category,角色能力說明,,,,,,角色能力说明
,caption,受到附帶異常狀態的攻擊時，根據異常抗性百分比阻止該狀態的附加。,,,,,,受到附带异常状态的攻击时，根据异常抗性百分比阻止该状态的附加。
,list,怪物附加的異常狀態若為紅色字體，表示其為((!紅字異常))，((!紅字異常))將減免100%異常抗性。,,,,,,怪物附加的异常状态若为红色字体，表示其为((!红字异常))，((!红字异常))将减免100%异常抗性。
,,（2022年10月以後）異常抗性上限值為100%。,,,,,,（2022年10月以后）异常抗性上限值为100%。
,,#[疾病]效果會使異常抗性減半。,,,,,,#[疾病]效果会使异常抗性减半。
,,((!阻擋))時，根據剩餘阻擋力會獲得異常抗性（詳情可參閱((!防衛技能：物理防禦))的頁面），該異常抗性不受疾病狀態影響。,,,,,,((!阻挡))时，根据剩余阻挡力会获得异常抗性（详情可参阅((!防卫技能：物理防御))的页面），该异常抗性不受疾病状态影响。
,,((!阻擋))時的異常抗性，與角色裝備、屬性提供的異常抗性無法疊加，僅會取較高者計算（在#[疾病]狀態計算之後）。,,,,,,((!阻挡))时的异常抗性，与角色装备、属性提供的异常抗性无法叠加，仅会取较高者计算（在#[疾病]状态计算之后）。
,,異常抗性的測試影片：https://youtu.be/OMtybWXP6VA。,,,,,,异常抗性的测试影片：https://youtu.be/OMtybWXP6VA。
連擊,category,連擊效果,Consecutive,,,,,连击效果
,caption,該技能的消耗MP減輕((100×(連擊位置-1) ))，並使該技能威力降低((10×連擊已於該次連擊中的使用次數))%。,,,,,,该技能的消耗MP减轻((100×(连击位置-1) ))，并使该技能威力降低((10×连击已于该次连击中的使用次数))%。
,list,例如，若有一連擊「技能A→技能B(連擊)→技能C→技能D(連擊)」，則技能B消耗MP-((!100))並-((!10%))威力、技能D消耗MP-((!300))並-((!20%))威力。,,,,,,例如，若有一连击「技能A→技能B(连击)→技能C→技能D(连击)」，则技能B消耗MP-((!100))并-((!10%))威力、技能D消耗MP-((!300))并-((!20%))威力。
心眼,category,連擊效果,Mind's Eye,,,,心眼,连击效果
,caption,若目標正處於該技能即將附加的異常狀態之抗性時間內，則整套連擊將中斷於該技能。,,,,,,若目标正处于该技能即将附加的异常状态之抗性时间内，则整套连击将中断于该技能。
,list,此外，該技能#[命中等級判定]時，最低保證#[Graze]，並給予該技能((連擊位置×10))%的((!絕對命中))屬性，與裝備的((!絕對命中))屬性疊加。,,,,,,此外，该技能#[命中等级判定]时，最低保证#[Graze]，并给予该技能((连击位置×10))%的((!绝对命中))属性，与装备的((!绝对命中))属性叠加。
,,但自身處於#[閃光]狀態時，保證Graze將被無效。,,,,,,但自身处于#[闪光]状态时，保证Graze将被无效。
,,,,,,,,
補位,category,連擊效果,Save,,,,,连击效果
,caption,補位的該招技能不消耗MP，而原本應該會消耗的MP會儲存下來變為「((!保存MP))」，供後面的技能使用。但若施放連擊中最後一招後((!保存MP))未使用完畢，則剩餘的部分會轉而扣減自身MP。,,,,,,补位的该招技能不消耗MP，而原本应该会消耗的MP会储存下来变为「((!保存MP))」，供后面的技能使用。但若施放连击中最后一招后((!保存MP))未使用完毕，则剩余的部分会转而扣减自身MP。
,list,補位的該招技能威力((!-80%))，且會影響連擊後續技能的威力，下一招技能威力((!-60%))、下下招技能威力((!-40%))，以此類推，4個技能後才可解除威力懲罰。,,,,,,补位的该招技能威力((!-80%))，且会影响连击后续技能的威力，下一招技能威力((!-60%))、下下招技能威力((!-40%))，以此类推，4个技能后才可解除威力惩罚。
,,若一個連擊中存在多個技能使用「((!補位))」，則((!保存MP))與威力懲罰將由後發動者覆蓋先發動者。,,,,,,若一个连击中存在多个技能使用「((!补位))」，则((!保存MP))与威力惩罚将由后发动者覆盖先发动者。
,,僅有連擊中的最後一個技能成功發動時，才會進行((!保存MP))的剩餘量判定，若連擊因故提前結束，無論((!保存MP))剩餘多少都不會扣減自身MP。,,,,,,仅有连击中的最后一个技能成功发动时，才会进行((!保存MP))的剩余量判定，若连击因故提前结束，无论((!保存MP))剩余多少都不会扣减自身MP。
迅速,category,連擊效果,Swift,,,,,连击效果
,caption,該技能行動速度變為最大值((!50%))（僅對受行動速度影響的技能有效）。,,,,,,该技能行动速度变为最大值((!50%))（仅对受行动速度影响的技能有效）。
增幅,category,連擊效果,Smite,,,,,连击效果
,caption,該技能傷害((!+50%))，並使連擊中的下一招技能傷害((!-50%))；若是沒有下一招技能，則此技能消耗MP加倍。,,,,,,该技能伤害((!+50%))，并使连击中的下一招技能伤害((!-50%))；若是没有下一招技能，则此技能消耗MP加倍。
,list,僅有連擊中的((!最後一個技能))才會進行MP加倍的判定，若連擊因故提前結束，實際施放出的最後一個技能使用((!增幅))的MP消耗也不會加倍。,,,,,,
執著,category,連擊效果,Tenacity,,,,,连击效果
,caption,若自身剩餘MP不足以施放該技能，可犧牲HP來施放。每缺少100MP，消耗最大HP的((!10%))。,,,,,,若自身剩余MP不足以施放该技能，可牺牲HP来施放。每缺少100MP，消耗最大HP的((!10%))。
無敵（連擊效果）,category,連擊效果,Invincible,,,,,连击效果
,caption,有((20×(連擊位置-1))%的機率，可在技能的((!動作期間))進入#無敵 狀態。,,,,,,有((20×(连击位置-1))%的机率，可在技能的((!动作期间))进入#无敌 状态。
,list,當一個連擊中存在多次此效果時，只有第一個有效，第二次以後的無敵發動機率皆為0%。,,,,,,当一个连击中存在多次此效果时，只有第一个有效，第二次以后的无敌发动机率皆为0%。
,,僅有((!動作期間))無敵，詠唱/蓄力時無效。,,,,,,仅有((!动作期间))无敌，咏唱/蓄力时无效。
吸血,category,連擊效果,Bloodsucker,,,,,连击效果
,caption,依據技能傷害量回復自身HP。此外給予自身10秒的((!血氣))效果，((!血氣))狀態期間若再次發動此連擊效果，則改為消耗HP提高技能威力。,,,,,,依据技能伤害量回复自身HP。此外给予自身10秒的((!血气))效果，((!血气))状态期间若再次发动此连击效果，则改为消耗HP提高技能威力。
,list,回復自身HP量=((造成傷害×(10+連擊位置)%))。,,,,,,回复自身HP量=((造成伤害×(10+连击位置)%))。
,,((!血氣))：損耗((最大HP×(10-連擊位置) ))%的HP，提升技能((10+連擊位置))%的傷害。,((!Sap))：Consumes((MaxHP×(10-Combo Position)%))HP，Increased skill damage for((10+Combo Position))%。,,,,,((!血气))：损耗((最大HP×(10-连击位置) ))%的HP，提升技能((10+连击位置))%的伤害。
,,若技能傷害是((!分開判定))的多段式傷害，則((!吸血))的回復HP效果只看第一次造成的傷害。,,,,,,若技能伤害是((!分开判定))的多段式伤害，则((!吸血))的回复HP效果只看第一次造成的伤害。
強韌,category,連擊效果,Tough,,,,,连击效果
,caption,該技能與連擊內的下一招技能，動作時間內所受傷害降低((!50%))，但若下一招技能仍使用強韌，減傷效果將不疊加。,,,,,,该技能与连击内的下一招技能，动作时间内所受伤害降低((!50%))，但若下一招技能仍使用强韧，减伤效果将不叠加。
反射,category,連擊效果,Reflection,,,,,连击效果
,caption,技能動作期間若受到傷害，對目標造成最多一次的普通攻擊；若未受到傷害，連擊內下一招技能消耗MP-100。,,,,,,技能动作期间若受到伤害，对目标造成最多一次的普通攻击；若未受到伤害，连击内下一招技能消耗MP-100。
,list,該普通攻擊將正常造成慣性與攻擊MP回復。,,,,,,该普通攻击将正常造成惯性与攻击MP回复。
連擊位置,category,名詞說明,Combo Position,,,,,名词说明
,caption,包含起始技，該技能於連擊中是第N個技能，((!連擊位置))=N。,,,,,,包含起始技，该技能于连击中是第N个技能，((!连击位置))=N。
雙劍特性說明,category,技能樹補充說明,Dual Swords Characteristics Description,,,,双剑特性说明,技能树补充说明
,caption,習得((!雙劍要領))後，角色將可裝備兩把單手劍成為雙劍職業，角色會獲得以下特性：,,,,,,习得((!双剑要领))后，角色将可装备两把单手剑成为双剑职业，角色会获得以下特性：
,list,裝備雙劍時，命中((!-55%))、暴擊率((!-55%))。可通過技能((!雙劍要領))與((!雙劍鍛鍊))抵銷副作用。,,,,,,装备双剑时，命中((!-55%))、暴击率((!-55%))。可通过技能((!双剑要领))与((!双剑锻炼))抵销副作用。
,,雙劍擁有((!副手攻擊力))，此能力不顯示於角色面板。((!副手攻擊力))的基礎值為：((角色AGI×3+角色STR+武器ATK))，其中武器ATK的精鍊加成部分將減半計算。,,,,,,双剑拥有((!副手攻击力))，此能力不显示于角色面板。 ((!副手攻击力))的基础值为：((角色AGI×3+角色STR+武器ATK))，其中武器ATK的精炼加成部分将减半计算。
,,使用雙劍技能時，角色ATK將變更為如下公式：((主手ATK+副手ATK×副手倍率))，其中((!副手倍率))為((副手武器穩定÷2+裝備穩定加成+角色STR×6%+角色AGI×4%))。,,,,,,使用双剑技能时，角色ATK将变更为如下公式：((主手ATK+副手ATK×副手倍率))，其中((!副手倍率))为((副手武器稳定÷2+装备稳定加成+角色STR×6%+角色AGI×4%))。
,,((!副手攻擊力))僅在使用((!雙劍技能樹))內的技能時有效，其他技能將只計算主手攻擊力、同時元素屬性也僅有主手有效。,,,,,,((!副手攻击力))仅在使用((!双剑技能树))内的技能时有效，其他技能将只计算主手攻击力、同时元素属性也仅有主手有效。
,,裝備於副手的單手劍的裝備能力，僅有((!元素屬性))有效。但普通攻擊或使用非固定屬性的技能時，((!元素屬性))將與主手相同，僅有帶有((!雙重屬性))的技能，會在技能屬性與副手武器屬性間取較優者生效。,,,,,,装备于副手的单手剑的装备能力，仅有((!元素属性))有效。但普通攻击或使用非固定属性的技能时，((!元素属性))将与主手相同，仅有带有((!双重属性))的技能，会在技能属性与副手武器属性间取较优者生效。
,,雙劍普通攻擊時，總((!攻擊MP回復))會加倍，代價則是比其他武器更久的普通攻擊動作。,,,,,,双剑普通攻击时，总((!攻击MP回复))会加倍，代价则是比其他武器更久的普通攻击动作。
吟遊詩人說明,category,技能樹補充說明,,,,,吟游诗人说明,技能树补充说明
,caption,詩人技能樹的技能，除了((!即興演出))外，皆適用此條目說明，以下稱之為((!詩歌技能))。,,,,,,诗人技能树的技能，除了((!即兴演出))外，皆适用此条目说明，以下称之为((!诗歌技能))。
,list,((!詩歌技能))效果皆為全隊都可享有。,,,,,,((!诗歌技能))效果皆为全队都可享有。
,,"2026/2/12更新
現在無須疊層，當持續使用詩歌技能一段時間後，效果變更為永久效果，稱為((!感音增益))。",,,,,,"2026/2/12更新
现在无须叠层，当持续使用诗歌技能一段时间后，效果变更为永久效果，称为((!感音增益))。"
,,詩人技能的影響範圍皆為半徑((!24m))。但轉化為感音增益後，隊友只要走進影響範圍即可永久獲得詩人技能提供的狀態，即使之後離開影響範圍。,,,,,,
,,((!詩歌技能))轉換為((!感音增益))所需時間為：((5+4*當前感音增益曲目數))秒。,,,,,,((!诗歌技能))转换为((!感音增益))所需时间为：((5+4*当前感音增益曲目数))秒。
,,((!詩歌技能))內的所有技能，MP消耗會增加((當前感音增益曲目數*100))。,,,,,,((!诗歌技能))内的所有技能，MP消耗会增加((当前感音增益曲目数*100))。
,,((!詩歌技能))施放後，僅可以緩慢移動（移動速度-50%），期間若進行普攻、施放其他技能（((!即興演出))除外）、遭怪物攻擊，皆會中斷技能演奏。,,,,,,((!诗歌技能))施放后，仅可以缓慢移动（移动速度-50%），期间若进行普攻、施放其他技能（((!即兴演出))除外）、遭怪物攻击，皆会中断技能演奏。
,,技能演奏一旦中斷，會失去效果並停止((!感音增益))時間計算，但狀態圖示仍會留存10秒，期間可使用((!即興演出))重啟演奏，回復至中斷前時間累計。,,,,,,技能演奏一旦中断，会失去效果并停止((!感音增益))时间计算，但状态图示仍会留存10秒，期间可使用((!即兴演出))重启演奏，回复至中断前时间累计。
,,演奏時的吉他顏色，與裝備的主手武器之屬性有關。,,,,,,演奏时的吉他颜色，与装备的主手武器之属性有关。
,,當隊伍中有多名玩家同時提供相同的詩人技能增益時，會以技能等級較高的為主；但若該詩人技能有施術者懲罰，則會以被懲罰後的效果為主。,,,,,,当队伍中有多名玩家同时提供相同的诗人技能增益时，会以技能等级较高的为主；但若该诗人技能有施术者惩罚，则会以被惩罚后的效果为主。
舞者技能說明,category,技能樹補充說明,,,,,舞者技能说明,技能树补充说明
,caption,舞者技能樹的技能，除((!優雅架勢))與((!風花雪月))之外，以下稱之為((!舞蹈技能))，適用此條目說明。,,,,,,舞者技能树的技能，除((!优雅架势))与((!风花雪月))之外，以下称之为((!舞蹈技能))，适用此条目说明。
,list,((!舞蹈技能))會使敵人弱化（((!援助之舞))除外），持續時間皆為15秒。,,,,,,((!舞蹈技能))会使敌人弱化（((!援助之舞))除外），持续时间皆为15秒。
,,初次施放技能時層數皆為5，若在剩餘時間為((!0~5秒))時再次使用相同技能，層數會上升；在((!5秒以上))時再次施放，層數反而會下降。,,,,,,初次施放技能时层数皆为5，若在剩余时间为((!0~5秒))时再次使用相同技能，层数会上升；在((!5秒以上))时再次施放，层数反而会下降。
,,不同的((!舞蹈技能))效果可共存，但超過2個舞蹈存在時，所有((!舞蹈技能))的層數上限皆會減少((共存技能數-1))層。,,,,,,不同的((!舞蹈技能))效果可共存，但超过2个舞蹈存在时，所有((!舞蹈技能))的层数上限皆会减少((共存技能数-1))层。
,,裝備#雷吉斯托環 「簡短舞步」：使所有((!舞蹈技能))的持續時間縮短5秒（((!援助之舞))除外），可視為疊層間隔由最少10秒縮短為5秒。,,,,,,装备#雷吉斯托环 「简短舞步」：使所有((!舞蹈技能))的持续时间缩短5秒（((!援助之舞))除外），可视为叠层间隔由最少10秒缩短为5秒。
徒手技能說明,category,技能樹補充說明,,,,,徒手技能说明,技能树补充说明
,caption,徒手戰鬥技能樹內的技能皆適用此說明。其中需要消耗氣功者，稱之為((!氣功技能))。,,,,,,徒手战斗技能树内的技能皆适用此说明。其中需要消耗气功者，称之为((!气功技能))。
,list,((!徒手戰鬥))技能樹內所有技能皆要求完全空手，即使是副手也不可持裝備。若在持有氣功的狀態下裝備武器，會使氣功層數歸0。,,,,,,((!徒手战斗))技能树内所有技能皆要求完全空手，即使是副手也不可持装备。若在持有气功的状态下装备武器，会使气功层数归0。
,,氣功可通過((!聚氣功))或切換不同的((!氣功技能))獲得，上限量與((!徒手戰鬥要領))的等級有關。,,,,,,气功可通过((!聚气功))或切换不同的((!气功技能))获得，上限量与((!徒手战斗要领))的等级有关。
,,氣功的存在時間為10分鐘，施放((!聚氣功))會重置時間、不重置層數。,,,,,,气功的存在时间为10分钟，施放((!聚气功))会重置时间、不重置层数。
,,((!氣功技能))消耗當前氣功，使自己獲得能力強化。單次技能氣功消耗量上限為10，當前氣功不足10則全部消耗。,,,,,,((!气功技能))消耗当前气功，使自己获得能力强化。单次技能气功消耗量上限为10，当前气功不足10则全部消耗。
,,只能擁有一種((!氣功技能))效果，施放第二種時，第一種的效果會消失，並獲得一定層數的額外氣功。,,,,,,只能拥有一种((!气功技能))效果，施放第二种时，第一种的效果会消失，并获得一定层数的额外气功。
,,使用非徒手技能樹內的技能時，會使當前氣功的層數損耗((!20%))（至少損失1層），可通過((!聚氣功．極))來減輕。,,,,,,使用非徒手技能树内的技能时，会使当前气功的层数损耗((!20%))（至少损失1层），可通过((!聚气功．极))来减轻。
,,((!氣功技能))的技能特效會產生靈氣圍繞角色全身，不同技能的靈氣顏色不同。,,,,,,((!气功技能))的技能特效会产生灵气围绕角色全身，不同技能的灵气颜色不同。
忍術技能,category,技能樹補充說明,,,,,忍术技能,技能树补充说明
,caption,學習忍者技能後可施放的一類技能，通過使用技能((!忍術))隨機施放一種，或裝備((!卷軸))以使用特定的忍術技能。,,,,,,学习忍者技能后可施放的一​​类技能，通过使用技能((!忍术))随机施放一种，或装备((!卷轴))以使用特定的忍术技能。
,list,忍術技能的技能等級將等同於技能「((!忍術))」的技能等級。,,,,,,忍术技能的技能等级将等同于技能「((!忍术))」的技能等级。
,,技能「((!忍術))」可以被任意職業施展，但卷軸僅可以被空手、單手劍、法杖、魔導具、拔刀劍，作為副手武器裝備。,,,,,,技能「((!忍术))」可以被任意职业施展，但卷轴仅可以被空手、单手剑、法杖、魔导具、拔刀剑，作为副手武器装备。
陷阱,category,技能樹補充說明,,,,,陷阱,技能树补充说明
,caption,狩獵技能內的陷阱類技能，皆適用此條目說明。,,,,,,狩猎技能内的陷阱类技能，皆适用此条目说明。
,list,陷阱類技能會在動作完畢後放置在角色腳下，當敵人進入AOE攻擊範圍後造成一次性的攻擊。,,,,,,陷阱类技能会在动作完毕后放置在角色脚下，当敌人进入AOE攻击范围后造成一次性的攻击。
,,陷阱無法在有任何敵人處於引爆範圍內時進行設置。,,,,,,陷阱无法在有任何敌人处于引爆范围内时进行设置。
,,同樣的陷阱同時只能存在一個，放置第二個時，第一個會消失。,,,,,,同样的陷阱同时只能存在一个，放置第二个时，第一个会消失。
,,陷阱的存在時間為((!30秒))。,,,,,,陷阱的存在时间为((!30秒))。
,,放置陷阱時若按著移動方向鍵，放置後角色會朝該方向滾動一小段距離。,,,,,,放置陷阱时若按着移动方向键，放置后角色会朝该方向滚动一小段距离。
,,「會受範圍攻擊破壞」的特性，已於2019/06/24後移除。,,,,,,「会受范围攻击破坏」的特性，已于2019/06/24后移除。
卷軸製作說明,category,EX技能說明,,,,,卷轴制作说明,EX技能说明
,caption,學習技能((!忍術))後，將可獲得製作卷軸的能力，可將三種不同種類的武器合成為卷軸。,,,,,,学习技能((!忍术))后，将可获得制作卷轴的能力，可将三种不同种类的武器合成为卷轴。
,list,作為材料的武器，獲取方式中必須擁有((!鐵匠鋪版本))，不可為純掉落型武器。,,,,,,作为材料的武器，获取方式中必须拥有((!铁匠铺版本))，不可为纯掉落型武器。
,,作為材料的武器不能被((!強化裝備))強化過（不能是帶有附魔的武器）。,,,,,,作为材料的武器不能被((!强化装备))强化过（不能是带有附魔的武器）。
,,選定材料後，會顯示出預計合成卷軸的名稱，該結果僅受材料中前兩項((!武器的種類))影響。,,,,,,选定材料后，会显示出预计合成卷轴的名称，该结果仅受材料中前两项((!武器的种类))影响。
,,預覽的卷軸種類不一定就是最終的合成結果。,,,,,,预览的卷轴种类不一定就是最终的合成结果。
,,製作出的卷軸的ATK，受材料武器的((!武器鍛造等級))影響。(亦可能是受基礎潛力/難易度影響，尚無法確認),,,,,,制作出的卷轴的ATK，受材料武器的((!武器锻造等级))影响。 (亦可能是受基础潜力/难易度影响，尚无法确认)
,,承上，製作出的卷軸ATK上限為((角色等級×1.25))。若依據((!武器等級))計算出的「((!應得ATK))」大於上限值，則最終成品的卷軸ATK必然等同於上限；若低於上限值，則成品卷軸ATK會在((!應得ATK))與上限值之間隨機產生。,,,,,,承上，制作出的卷轴ATK上限为((角色等级×1.25))。若依据((!武器等级))计算出的「((!应得ATK))」大于上限值，则最终成品的卷轴ATK必然等同于上限；若低于上限值，则成品卷轴ATK会在((!应得ATK))与上限值之间随机产生。
,,卷軸的裝備頁面上，原先為穩定率的地方會被兩個數字取代，第一個數字為：施展卷軸上的技能時可((!節約的MP格數))，例如3即卷軸技能((!耗MP-300))；第二個數字為：((!減少最終詠唱時間))的數值（在CSPD之後計算），如0.2即((!最終詠唱時間-0.2秒))。,,,,,,卷轴的装备页面上，原先为稳定率的地方会被两个数字取代，第一个数字为：施展卷轴上的技能时可((!节约的MP格数))，例如3即卷轴技能((!耗MP-300))；第二个数字为：((!减少最终咏唱时间))的数值（在CSPD之后计算），如0.2即((!最终咏唱时间-0.2秒))。
合成裝備的成功率說明,category,EX技能說明,,,,,合成装备的成功率说明,EX技能说明
,caption,學習技能((!合成裝備))後，可將兩件裝備的外觀、染色、屬性進行合成，合成成功率會因為鎖定的部位數而下降。,,,,,,学习技能((!合成装备))后，可将两件装备的外观、染色、属性进行合成，合成成功率会因为锁定的部位数而下降。
,list,合成裝備的基礎成功率為((50+角色TEC×2+技能提供之基礎值))%，衰弱率依鎖定部位數，由1~5依序是((!1、0.5、0.25、0.125、0.08))。,,,,,,合成装备的基础成功率为((50+角色TEC×2+技能提供之基础值))%，衰弱率依锁定部位数，由1~5依序是((!1、0.5、0.25、0.125、0.08))。
,,最終成功率為((基礎成功率×衰弱率))%。,,,,,,最终成功率为((基础成功率×衰弱率))%。
,,合成裝備失敗時，會導致各部位的鎖定失效，而變成沒鎖定時的隨機選取。,,,,,,合成装备失败时，会导致各部位的锁定失效，而变成没锁定时的随机选取。
,,技能((!合成裝備))及((!合成技術加強Ⅰ、Ⅱ))提升的成功率是直接加上去。例如：基礎成功率原本為50%，基礎成功率+10%後，基礎成功率變為60%。,,,,,,技能((!合成装备))及((!合成技术加强Ⅰ、Ⅱ))提升的成功率是直接加上去。例如：基础成功率原本为50%，基础成功率+10%后，基础成功率变为60%。
,,TEC為255、鎖定部位數為3個以內(含)時，成功率皆超過100%，無須透過技能來提升。,,,,,,TEC为255、锁定部位数为3个以内(含)时，成功率皆超过100%，无须透过技能来提升。
,,TEC為255，鎖定部位數4時，((!合成裝備))及((!合成技術加強Ⅰ、Ⅱ))分別點至5、5、6級，即可達到100%最終成功率。,,,,,,TEC为255，锁定部位数4时，((!合成装备))及((!合成技术加强Ⅰ、Ⅱ))分别点至5、5、6级，即可达到100%最终成功率。
MP消耗減半,category,效果,MP cost halves,,,,MP消耗减半,效果
,caption,使用技能的MP消耗除以二。,,,,,,使用技能的MP消耗除以二。
,list,以((!消耗MP格數))為單位做減半，剩餘的小數無條件進位。如：4格變2格、3格變2格、2格變1格。,,,,,,以((!消耗MP格数))为单位做减半，剩余的小数无条件进位。如：4格变2格、3格变2格、2格变1格。
,,置於連擊中時，先計算該效果，之後才計算連擊效果；受到#[衰弱]狀態時，((!衰弱))為最後計算。,,,,,,置于连击中时，先计算该效果，之后才计算连击效果；受到#[衰弱]状态时，((!衰弱))为最后计算。
,,若未特別說明，施展任意技能後此效果即結束，即使施放不消耗MP的技能亦是。,,,,,,若未特别说明，施展任意技能后此效果即结束，即使施放不消耗MP的技能亦是。
即死,category,效果,Immediate Kill,,,,即死,效果
,caption,對目標造成999999999點傷害。,,,,,,对目标造成999999999点伤害。
保底命中,category,名詞說明,,,,,,名词说明
,caption,遊戲針對各武器設置不同的保底命中，能在MISS時有機率將判定改為Graze，判定方式見#[命中等級判定]。,,,,,,游戏针对各武器设置不同的保底命中，能在MISS时有机率将判定改为Graze，判定方式见#[命中等级判定]。
,list,"各武器的((!保底命中率))：
<br>空手:50%
<br>杖:30%
<br>拔刀劍:30%
<br>單手劍:25%
<br>旋風槍:20%
<br>雙手劍:15%
<br>魔導具:10%
<br>拳套:10%
<br>弓:10%
<br>弩:5%",,,,,,"各武器的((!保底命中率))：
<br>空手:50%
<br>杖:30%
<br>拔刀剑:30%
<br>单手剑:25%
<br>旋风枪:20%
<br>双手剑:15%
<br>魔导具:10%
<br>拳套:10%
<br>弓:10%
<br>弩:5%"
,,((!保底命中率))的判定順位在最後，因此若該傷害有暴擊，此判定就不會執行。,,,,,,((!保底命中率))的判定顺位在最后，因此若该伤害有暴击，此判定就不会执行。
,,除非目標處於#[閃光]狀態，則保底命中會參與到計算命中率的判定，詳情見#[命中等級判定]。,,,,,,除非目标处于#[闪光]状态，则保底命中会参与到计算命中率的判定，详情见#[命中等级判定]。
Graze,category,名詞說明,Graze,,,,,名词说明
,caption,中文譯為((!擦傷))，當該次傷害命中判定為MISS（未命中），但由於觸發((!保底命中))或((!暴擊))而強制命中時，該次傷害最終判定為Graze。,,,,,,中文译为((!擦伤))，当该次伤害命中判定为MISS（未命中），但由于触发((!保底命中))或((!暴击))而强制命中时，该次伤害最终判定为Graze。
,list,Graze會導致((!最終穩定率÷2))，此計算在穩定率上限計算之後，亦即計算時原始穩定最高為100。,,,,,,Graze会导致((!最终稳定率÷2))，此计算在稳定率上限计算之后，亦即计算时原始稳定最高为100。
,,技能「((!穩定術))」可緩和Graze所造成的穩定率下降，據測試((!最終穩定率))應是擦傷後計算得出的穩定再×1.5。,,,,,,技能「((!稳定术))」可缓和Graze所造成的稳定率下降，据测试((!最终稳定率))应是擦伤后计算得出的稳定再×1.5。
,,((!穩定術))作用後的((!最終穩定率))可能帶有小數點，此狀況下傷害浮動似乎將不以1%為間距，尚須更多測試。,,,,,,((!稳定术))作用后的((!最终稳定率))可能带有小数点，此状况下伤害浮动似乎将不以1%为间距，尚须更多测试。
必定命中,category,效果,Perfect Aim,Effect,,,必定命中,效果
,caption,帶有此效果的技能擊中怪物時，必定不會發生((!MISS))與#[Graze]。,,"When the skill with this effect hits a enemy, it will definitely not happen ((!MISS)) and #Graze .",,,,带有此效果的技能击中怪物时，必定不会发生((!MISS))与#[Graze]。
,list,但仍舊會發生閃躲、#無敵 。,,Evasion and #invincible  will still occur.,,,,但仍旧会发生闪躲、#无敌 。
,,此效果可無視#[閃光]的影響。,,,,,,
必定暴擊,category,效果,,,,,必定暴击,效果
,caption,此傷害必定造成暴擊，暴擊將取消((!MISS))判定並改為黃字#[Graze]。,,,,,,此伤害必定造成暴击，暴击将取消((!MISS))判定并改为黄字#[Graze]。
,list,此效果優先度高於怪物的((!暴擊抵抗))能力，目前已知的所有抗暴王皆無法阻止此效果造成的暴擊。,,,,,,此效果优先度高于怪物的((!暴击抵抗))能力，目前已知的所有抗暴王皆无法阻止此效果造成的暴击。
,,但異常狀態#[閃光]施加在玩家身上時，由於其效果，((!必定暴擊))可能因此被改判定為MISS從而被無效化。詳情見#[命中等級判定]。,,,,,,但异常状态#[闪光]施加在玩家身上时，由于其效果，((!必定暴击))可能因此被改判定为MISS从而被无效化。详情见#[命中等级判定]。
,,((!傭兵))通常不具有暴擊能力，但使用帶有此效果的技能時為例外，將可造成暴擊且必定不((!MISS))。,,,,,,((!佣兵))通常不具有暴击能力，但使用带有此效果的技能时为例外，将可造成暴击且必定不((!MISS))。
雙重屬性,category,效果,,,,,双重属性,效果
,caption,帶有此效果的技能，會在技能本身帶有的屬性，與武器屬性(通常是副手武器)間，選取較優者作為傷害屬性。,,,,,,带有此效果的技能，会在技能本身带有的属性，与武器属性(通常是副手武器)间，选取较优者作为伤害属性。
,list,((!雙劍技能))中的((!雙重屬性（單手劍）))，指的是裝備在副手的單手劍屬性。主手武器屬性在此效果上無效，但相反的，其他非((!雙重屬性))的技能則只有主手屬性有效。,,,,,,((!双剑技能))中的((!双重属性（单手剑）))，指的是装备在副手的单手剑属性。主手武器属性在此效果上无效，但相反的，其他非((!双重属性))的技能则只有主手属性有效。
,,對於技能((!元素所及))的雙重屬性（主手武器）效果，則上述的「技能本身帶有的屬性」會以((!箭矢屬性))替代。（本質是技能屬性優先跟隨((!箭矢屬性))，參見#[元素屬性判定]）,,,,,,
仇恨值/恨意值,category,戰鬥系統說明,,,,,仇恨值/恨意值,战斗系统说明
,caption,怪物將鎖定隊伍中((!恨意))累積最高者作為目標，((!仇恨目標))的控制為組隊挑戰強大怪物時的關鍵，但由於玩家無法得知((!恨意值))的準確數值，許多方面尚難以釐清，以下說明皆可能有誤。,,,,,,怪物将锁定队伍中((!恨意))累积最高者作为目标，((!仇恨目标))的控制为组队挑战强大怪物时的关键，但由于玩家无法得知((!恨意值))的准确数值，许多方面尚难以厘清，以下说明皆可能有误。
,list,目前恨意值有兩種單位：((!民間單位))與((!官方單位))。在((!民間單位))中，消耗1點MP造成1點恨意；((!官方單位))中，消耗1點MP造成10點恨意。在此處的說明皆採用((!民間單位))。,,,,,,目前恨意值有两种单位：((!民间单位))与((!官方单位))。在((!民间单位))中，消耗1点MP造成1点恨意；((!官方单位))中，消耗1点MP造成10点恨意。在此处的说明皆采用((!民间单位))。
,,一般狀況下，每次普通攻擊造成10恨意、使用技能時，無論命中與否，每100((!基礎MP消耗))造成100恨意。,,,,,,一般状况下，每次普通攻击造成10恨意、使用技能时，无论命中与否，每100((!基础MP消耗))造成100恨意。
,,對於定點王，最初行動的目標將造成((!初始恨意))，若最初使用指向性行動（普攻、攻擊技能等），造成200((!初始恨意))，否則造成50((!初始恨意))，此項恨意不受恨意值增減效果的影響。,,,,,,对于定点王，最初行动的目标将造成((!初始恨意))，若最初使用指向性行动（普攻、攻击技能等），造成200((!初始恨意))，否则造成50((!初始恨意))，此项恨意不受恨意值增减效果的影响。
,,當怪物轉移仇恨目標時，轉移後的目標將額外產生((200+導致仇恨轉移的技能的基礎消耗MP×0.2))的恨意值，若並非以技能導致的，則僅造成200恨意值。此項恨意不受恨意值增減效果的影響。,,,,,,当怪物转移仇恨目标时，转移后的目标将额外产生((200+导致仇恨转移的技能的基础消耗MP×0.2))的恨意值，若并非以技能导致的，则仅造成200恨意值。此项恨意不受恨意值增减效果的影响。
,,在((!一般地圖))上，恨意值需要怪物認定你「((!進入與他的戰鬥))」時，才開始累計。進入的方法包括對其((!造成傷害))、使用((!團隊狀態))技能。（換句話說，若未先用上述方法建立初次恨意，即使用再多次的其他技能都無法吸引恨意）,,,,,,在((!一般地图))上，恨意值需要怪物认定你「((!进入与他的战斗))」时，才开始累计。进入的方法包括对其((!造成伤害))、使用((!团队状态))技能。 （换句话说，若未先用上述方法建立初次恨意，即使用再多次的其他技能都无法吸引恨意）
,,但在((!定點王))生成的地圖裡，只要你進行任意行動（使用道具、施放技能等），就會開始累積恨意值。,,,,,,但在((!定点王))生成的地图里，只要你进行任意行动（使用道具、施放技能等），就会开始累积恨意值。
,,對於坦克傭兵，其普通攻擊每次造成50恨意，但若怪物的仇恨目標不為傭兵時，其造成的所有攻擊/指向性技能的仇恨將變為3倍。,,,,,,对于坦克佣兵，其普通攻击每次造成50恨意，但若怪物的仇恨目标不为佣兵时，其造成的所有攻击/指向性技能的仇恨将变为3倍。
阻擋（玩家）,category,戰鬥系統說明,,,,,阻挡（玩家）,战斗系统说明
,caption,裝備特定裝備將可使用阻擋，阻擋成功時可消耗((!阻擋力))減輕傷害，((!阻擋力))可隨時間恢復。,,,,,,装备特定装备将可使用阻挡，阻挡成功时可消耗((!阻挡力))减轻伤害，((!阻挡力))可随时间恢复。
,list,基礎機制請參閱((!tap攻略))：https://www.taptap.com/topic/21286148?share_id=bb67b5ae6f13。此處僅做補充。,,,,,,基础机制请参阅((!tap攻略))：https://www.taptap.com/topic/21286148?share_id=bb67b5ae6f13。此处仅做补充。
,,在魔法書中，((!阻擋力))指設置在快捷鍵上的手動阻擋鈕，所顯示的數值（2~3位數），((!阻擋性能))則指在設定頁面中看到的值（4~5位數），阻擋力×100=阻擋性能。,,,,,,在魔法书中，((!阻挡力))指设置在快捷键上的手动阻挡钮，所显示的数值（2~3位数），((!阻挡性能))则指在设定页面中看到的值（4~5位数），阻挡力×100=阻挡性能。
,,在魔法書中，若出現((!阻擋回復))的具體數值（如：25點/s），表示每秒可回復多少點的((!阻擋性能))；又或是將其除以100，相當於每秒可回復多少((!阻擋力))。,,,,,,在魔法书中，若出现((!阻挡回复))的具体数值（如：25点/s），表示每秒可回复多少点的((!阻挡性能))；又或是将其除以100，相当于每秒可回复多少((!阻挡力))。
,,阻擋傷害時將附帶((!異常抗性))，該((!異常抗性))機率可查看((!防衛技能))「((!物理防禦))」技能的頁面。,,,,,,阻挡伤害时将附带((!异常抗性))，该((!异常抗性))机率可查看((!防卫技能))「((!物理防御))」技能的页面。
閃躲（玩家）,category,戰鬥系統說明,,,,,闪躲（玩家）,战斗系统说明
,caption,裝備特定裝備將可使用閃躲，閃躲發動時將朝指定方向迅速移動約4m，並消耗((!閃躲次數))，((!閃躲次數))可隨時間恢復。,,,,,,装备特定装备将可使用闪躲，闪躲发动时将朝指定方向迅速移动约4m，并消耗((!闪躲次数))，((!闪躲次数))可随时间恢复。
,list,基礎機制請參閱((!巴哈百科))：https://wiki2.gamer.com.tw/wiki.php?n=72740:%E9%98%BB%E6%93%8B%E3%80%81%E9%96%83%E8%BA%B2&ss=72740&f=M。此處僅做補充。,,,,,,基础机制请参阅((!巴哈百科))：https://wiki2.gamer.com.tw/wiki.php?n=72740:%E9%98%BB%E6%93%8B%E3%80%81%E9%96%83%E8%BA%B2&ss=72740&f=M。此处仅做补充。
,,裝備可提供的((!基礎閃躲回復))，((!輕化裝備))：0.2、((!小刀))：0.3、((!魔導具))：0.1、((!拳套))：0.4、((!雙劍))：0.1。,,,,,,装备可提供的((!基础闪躲回复))，((!轻化装备))：0.2、((!小刀))：0.3、((!魔导具))：0.1、((!拳套))：0.4、((!双剑))：0.1。
,,最終閃躲回復為：((基礎閃躲回復合計值×(100+閃躲回復上升)% )),,,,,,最终闪躲回复为：((基础闪躲回复合计值×(100+闪躲回复上升)% ))
,,計算出的閃躲回復值，表示每秒可回復多少次的閃躲。,,,,,,计算出的闪躲回复值，表示每秒可回复多少次的闪躲。
阻擋（怪物）,category,戰鬥系統說明,,,,,阻挡（怪物）,战斗系统说明
,caption,每隻怪物有各自不同的((!阻擋率))，怪物發生阻擋時，固定將傷害變為原先的1/4（等於阻擋力75）。,,,,,,每只怪物有各自不同的((!阻挡率))，怪物发生阻挡时，固定将伤害变为原先的1/4（等于阻挡力75）。
,list,怪物的阻擋可以被((!破防))屬性無效化。,,,,,,怪物的阻挡可以被((!破防))属性无效化。
,,但有部分阻擋屬於((!特殊阻擋))，是遊戲機制強制減傷，破防仍然無效。,,,,,,
閃躲（怪物）,category,戰鬥系統說明,,,,,闪躲（怪物）,战斗系统说明
,caption,每隻怪物有各自不同的((!閃躲率))，怪物發生閃躲時，傷害無效。大部分的((!魔法類型))傷害不會被閃躲。,,,,,,每只怪物有各自不同的((!闪躲率))，怪物发生闪躲时，伤害无效。大部分的((!魔法类型))伤害不会被闪躲。
,list,怪物的閃躲可以被((!看穿))屬性無效化。,,,,,,怪物的闪躲可以被((!看穿))属性无效化。
,,但有部分閃躲屬於((!特殊閃躲))，是遊戲機制強制不讓你命中，看穿仍然無效。,,,,,,
,,若((!普通攻擊))被閃躲，將不造成慣性，但技能被閃躲時仍會正常造成慣性。,,,,,,若((!普通攻击))被闪躲，将不造成惯性，但技能被闪躲时仍会正常造成惯性。
怪物攻擊類型,category,戰鬥系統說明,,,,,怪物攻击类型,战斗系统说明
,caption,遊戲中，怪物所發動的攻擊多數都能被劃分為一種類型，部分系統與角色能力需要該攻擊符合特定類型才會作用。,,,,,,游戏中，怪物所发动的攻击多数都能被划分为一种类型，部分系统与角色能力需要该攻击符合特定类型才会作用。
,list,以下是目前遊戲中明確提及的攻擊類型，須注意這並非全部的攻擊類型，有部分攻擊尚未被劃分。,,,,,,
,,1. 單體傷害：僅針對一個目標的攻擊，沒有範圍，因此無法通過單純的移動迴避，可通過((!閃躲))或部分防禦技能將其無效化。,,,,,,1. 单体伤害：仅针对一个目标的攻击，没有范围，因此无法通过单纯的移动回避，可通过((!闪躲))或部分防御技能将其无效化。
,,2. 範圍傷害：傷害中心點為((!我方角色))的技能，警告範圍為((!紅色))。,,,,,,2. 范围伤害：伤害中心点为((!我方角色))的技能，警告范围为((!红色))。
,,3. 敵方周圍傷害：傷害中心點為((!怪物自身))的技能，警告範圍為((!紅色))。,,,,,,3. 敌方周围伤害：伤害中心点为((!怪物自身))的技能，警告范围为((!红色))。
,,4. 衝撞傷害：直線狀且敵方本體會((!沿攻擊範圍移動))之技能，警告範圍為((!紅色))。,,,,,,4. 冲撞伤害：直线状且敌方本体会((!沿攻击范围移动))之技能，警告范围为((!红色))。
,,5. 直線傷害：自敵方正面發出的((!直線狀攻擊))，警告範圍為((!紅色))。,,,,,,5. 直线伤害：自敌方正面发出的((!直线状攻击))，警告范围为((!红色))。
,,6. 貼地傷害：貼地移動之傷害，會受地形阻擋，表現形式通常為((!劍氣、射刃))。警告範圍為((!藍色))。,,,,,,6. 贴地伤害：贴地移动之伤害，会受地形阻挡，表现形式通常为((!剑气、射刃))。警告范围为((!蓝色))。
,,7. 子彈傷害：向我方角色射出((!球狀投射物))之技能，路徑中與著彈點處可以分別造成傷害，警告範圍為((!藍色))。,,,,,,7. 子弹伤害：向我方角色射出((!球状投射物))之技能，路径中与著弹点处可以分别造成伤害，警告范围为((!蓝色))。
,,8. 地面傷害：放置於地面上的((!固定傷害領域))，表現形式為地刺，警告範圍為((!藍色))。,,,,,,8. 地面伤害：放置于地面上的((!固定伤害领域))，表现形式为地刺，警告范围为((!蓝色))。
,,9. 隕石傷害：自((!空中垂直落下))之技能，表現形式為隕石，警告範圍為((!藍色))。,,,,,,9. 陨石伤害：自((!空中垂直落下))之技能，表现形式为陨石，警告范围为((!蓝色))。
,,10. 爆炸傷害：先在場上產生如光束落下般的區域，隨後爆炸並消失的技能，警告範圍為((!藍色))。,,,,,,
,,11. 吸引傷害：在場上產生會持續造成傷害並把玩家吸引至中心區域的領域，表現形式為漩渦或龍捲風，警告範圍為((!藍色))。,,,,,,
玩家造成傷害的計算,category,戰鬥系統說明,,,,,玩家造成伤害的计算,战斗系统说明
,caption,玩家造成傷害的計算公式為：(( [(有效ATK+技能常數+拔刀傷害(常數) )×倍率項]+固定傷害加成 ))。,,,,,,玩家造成伤害的计算公式为：(( [(有效ATK+技能常数+拔刀伤害(常数) )×倍率项]+固定伤害加成 ))。
,list,倍率項的計算順序為：((×暴擊傷害☆×屬性攻擊倍率☆×技能倍率☆×拔刀傷害(倍率)☆×穩定率浮動值☆×慣性倍率☆×(連擊倍率×距離威力×總傷害倍率×最終傷害倍率)☆))。,,,,,,倍率项的计算顺序为：((×暴击伤害☆×属性攻击倍率☆×技能倍率☆×拔刀伤害(倍率)☆×稳定率浮动值☆×惯性倍率☆×(连击倍率×距离威力×总伤害倍率×最终伤害倍率)☆))。
,,上式須由左至右計算，標記☆的位置，表示小數點捨去。另外由於二進制小數點運算上的限制，有時計算傷害與實際傷害會有正負2以內的誤差。,,,,,,上式须由左至右计算，标记☆的位置，表示小数点舍去。另外由于二进制小数点运算上的限制，有时计算伤害与实际伤害会有正负2以内的误差。
,,魔法傷害須注意#[魔法暴擊傷害][法術暴擊轉化率]的計算、以及INT對屬性傷害的額外加成。,,,,,,魔法伤害须注意#[魔法暴击伤害][法术暴击转化率]的计算、以及INT对属性伤害的额外加成。
,,倍率項計算順序來源：lounge.html.xdomain.jp,,,,,,倍率项计算顺序来源：lounge.html.xdomain.jp
玩家受傷害計算,category,戰鬥系統說明,,,,,玩家受伤害计算,战斗系统说明
,caption,此條目簡述玩家受到攻擊時的傷害計算包含那些減傷參數，不包含順序部分（該部分資訊皆久未更新）,,,,,,此条目简述玩家受到攻击时的伤害计算包含那些减伤参数，不包含顺序部分（该部分资讯皆久未更新）
,list,在2021/06/29的((!防禦系統更新))後，目前所有減傷能力（包括技能效果）同時作用的計算均為((!相乘))（先計算(100-各項目提供的減傷幅度)%後再相乘），不再有項目採用疊加。,,,,,,在2021/06/29的((!防御系统更新))后，目前所有减伤能力（包括技能效果）同时作用的计算均为((!相乘))（先计算(100-各项目提供的减伤幅度)%后再相乘），不再有项目采用叠加。
,,所有傷害類型均會被盾牌、身體防具、追加裝備的((!精鍊值))減輕傷害。,,,,,,所有伤害类型均会被盾牌、身体防具、追加装备的((!精炼值))减轻伤害。
,,傷害類型為物理/魔法時，DEF、MDEF與物理/魔法抗性將減輕傷害。,,,,,,伤害类型为物理/魔法时，DEF、MDEF与物理/魔法抗性将减轻伤害。
,,擁有屬性抗性時（如：火屬性傷害減輕10%），當((!攻擊屬性))符合時發動減傷效果。需特別注意：怪物的((!攻擊屬性))與怪物((!自身屬性))不一定相同，甚至有著可同時使用4種以上屬性攻擊的怪物。,,,,,,拥有属性抗性时（如：火属性伤害减轻10%），当((!攻击属性))符合时发动减伤效果。需特别注意：怪物的((!攻击属性))与怪物((!自身属性))不一定相同，甚至有着可同时使用4种以上属性攻击的怪物。
,,擁有#[傷害類型][怪物攻擊類型]抗性時，對符合類型的攻擊減輕傷害。,,,,,,拥有#[伤害类型][怪物攻击类型]抗性时，对符合类型的攻击减轻伤害。
,,以上所有類型的減傷均有((!50%衰減機制))，各個類型分開計算。,,,,,,以上所有类型的减伤均有((!50%衰减机制))，各个类型分开计算。
,,技能提供的減傷則無衰減，-90%傷害便等於傷害×0.1，同時發動多個技能的效果時以疊乘計算。,,,,,,技能提供的减伤则无衰减，-90%伤害便等于伤害×0.1，同时发动多个技能的效果时以叠乘计算。
,,另有部分技能的減傷屬於同類項，同時發動時僅取效果值較高者（如聖域與回復氣功），該部分尚須更多測試。,,,,,,另有部分技能的减伤属于同类项，同时发动时仅取效果值较高者（如圣域与回复气功），该部分尚须更多测试。
,,((!聖域))技能中的「傷害低於最大血量的10%」的判定，在角色自身的減傷屬性計算後、大部分減傷技能作用之前。,,,,,,((!圣域))技能中的「伤害低于最大血量的10%」的判定，在角色自身的减伤属性计算后、大部分减伤技能作用之前。
,,怪物的物理傷害，穩定率為80%、魔法傷害穩定率為60%；怪物的物理攻擊有暴擊率，暴擊時傷害為1.5倍；怪物有25%的保障命中率。,,,,,,怪物的物理伤害，稳定率为80%、魔法伤害稳定率为60%；怪物的物理攻击有暴击率，暴击时伤害为1.5倍；怪物有25%的保障命中率。
穩定率,category,戰鬥系統說明,,,,,稳定率,战斗系统说明
,caption,((!穩定率))表示造成傷害的浮動程度，若將按照傷害公式計算出的傷害定為((!100%))，最終傷害將在((!穩定率%))~((!100%))之間，以每1%為間距浮動。,,,,,,((!稳定率))表示造成伤害的浮动程度，若将按照伤害公式计算出的伤害定为((!100%))，最终伤害将在((!稳定率%))~((!100%))之间，以每1%为间距浮动。
,list,角色((!基礎穩定率))為：((武器穩定率+職業屬性點補正+裝備補正))，((!基礎穩定率))上限100%，((!最終穩定率)))尚須考慮#[Graze]與異常狀態#[疲勞]等的影響。,,,,,,角色((!基础稳定率))为：((武器稳定率+职业属性点补正+装备补正))，((!基础稳定率))上限100%，((!最终稳定率)))尚须考虑#[Graze]与异常状态#[疲劳]等的影响。
,,職業屬性點補正，根據主手武器類型而定，分別為：<br>單手劍：(DEX*3+STR)÷40<br>拔刀劍(DEX+STR*3)÷40<br>雙手劍、魔導具：DEX÷10<br>弓、旋風槍：DEX÷20+STR÷20<br>弩、法杖：STR÷20<br>拳套：DEX÷40<br>空手：DEX÷2.85。,,,,,,职业属性点补正，根据主手武器类型而定，分别为：<br>单手剑：(DEX*3+STR)÷40<br>拔刀剑(DEX+STR*3)÷40<br>双手剑、魔导具：DEX÷10<br>弓、旋风枪：DEX÷20+STR÷20<br>弩、法杖：STR÷20<br>拳套：DEX÷40<br>空手：DEX÷2.85。
,,傷害類型為物理時，((!物理穩定率))即等於上述所計算出的穩定率。((!魔法傷害))則進行#[魔法穩定率]的計算。,,,,,,伤害类型为物理时，((!物理稳定率))即等于上述所计算出的稳定率。 ((!魔法伤害))则进行#[魔法稳定率]的计算。
魔法穩定率,category,戰鬥系統說明,,,,,,战斗系统说明
,caption,魔法類型傷害的#[穩定率]使用((!魔法穩定率))。,,,,,,魔法类型伤害的#[稳定率]使用((!魔法稳定率))。
,list,((!魔法穩定率))的基礎值公式為：(( 50+角色基礎穩定率÷2 ))。,,,,,,((!魔法稳定率))的基础值公式为：(( 50+角色基础稳定率÷2 ))。
,,當((!魔法穩定率))低於90%時，提升魔法穩定率會提升的是((!傷害浮動值的下限))，例如80%魔穩傷害會在((!80%~100%))間浮動；88%魔穩傷害則是在((!88%~100%))間浮動。,,,,,,当((!魔法稳定率))低于90%时，提升魔法稳定率会提升的是((!伤害浮动值的下限))，例如80%魔稳伤害会在((!80%~100%))间浮动；88%魔稳伤害则是在((!88%~100%))间浮动。
,,當角色((!魔法穩定率))超過90%後，傷害浮動值的下限會固定在90%，超過的部分將轉而使((!傷害浮動值的上限))+1%，因此魔穩對傷害((!期望值))的收益在90%以前或以後並不會改變；((!浮動值上限))通常最大為((!110%))。,,,,,,当角色((!魔法稳定率))超过90%后，伤害浮动值的下限会固定在90%，超过的部分将转而使((!伤害浮动值的上限))+1%，因此魔稳对伤害((!期望值))的收益在90%以前或以后并不会改变；((!浮动值上限))通常最大为((!110%))。
,,例如，96%的角色((!基礎穩定率))，((!魔法穩定率))為98%，魔法傷害會在原始傷害的((!90%~108%))之間浮動。,,,,,,例如，96%的角色((!基础稳定率))，((!魔法稳定率))为98%，魔法伤害会在原始伤害的((!90%~108%))之间浮动。
,,技能((!縮時詠唱))的魔法穩定提升效果，會直接加在角色的((!魔法穩定率))上，且可以使((!魔法穩定率))超出((!100%))。,,,,,,技能((!缩时咏唱))的魔法稳定提升效果，会直接加在角色的((!魔法稳定率))上，且可以使((!魔法稳定率))超出((!100%))。
,,但是當((!魔法穩定率))超過((!100%))時，浮動值上限雖然不能超過((!110%))，但出現最大傷害((!110%))的機率卻會提升。具體的說，假設角色((!魔法穩定率))達到((!120%))，理論浮動值上限可達到((!130%))，系統骰隨機數時會在((!90~130%))之間機率均等的選出一個數，若這個數超過110%則被強制變回110%。所以上述例子出現110%傷害的機率會是(( (130-110+1)/(130-90+1) ))=51.2%。,,,,,,但是当((!魔法稳定率))超过((!100%))时，浮动值上限虽然不能超过((!110%))，但出现最大伤害((!110%))的机率却会提升。具体的说，假设角色((!魔法稳定率))达到((!120%))，理论浮动值上限可达到((!130%))，系统骰随机数时会在((!90~130%))之间机率均等的选出一个数，若这个数超过110%则被强制变回110%。所以上述例子出现110%伤害的机率会是(( (130-110+1)/(130-90+1) ))=51.2%。
,,若計算傷害期望值，則魔法穩定率超過100%時，每1點穩定的收益會逐步下降，例如110%提高至111%的收益僅0.2%（在100%以前是每1魔穩0.5%收益）。,,,,,,若计算伤害期望值，则魔法稳定率超过100%时，每1点稳定的收益会逐步下降，例如110%提高至111%的收益仅0.2%（在100%以前是每1魔稳0.5%收益）。
,,技能((!穩定術))的魔法穩定提升效果同樣能造成前述的現象，不同的是((!穩定術))提升的魔穩甚至能使((!浮動值上限))突破((!110%))，最大達到((!120%))傷害。不過超出((!120%))浮動值上限後的計算邏輯仍與前述的相同。,,,,,,技能((!稳定术))的魔法稳定提升效果同样能造成前述的现象，不同的是((!稳定术))提升的魔稳甚至能使((!浮动值上限))突破((!110%))，最大达到((!120%))伤害。不过超出((!120%))浮动值上限后的计算逻辑仍与前述的相同。
追擊,category,戰鬥系統說明,,,,,追击,战斗系统说明
,caption,裝備帶有((!物理追擊))或((!魔法追擊))屬性時，每次((!普通攻擊))皆有機率造成追加傷害，傷害倍率即為物理追擊/魔法追擊倍率。,,,,,,装备带有((!物理追击))或((!魔法追击))属性时，每次((!普通攻击))皆有机率造成追加伤害，伤害倍率即为物理追击/魔法追击倍率。
,list,((!追擊))發生機率初始為((!25%))，目前僅能通過技能提升。,,,,,,((!追击))发生机率初始为((!25%))，目前仅能通过技能提升。
,,((!追擊))的傷害計算，受目標DEF、MDEF、物理/魔法抗性影響。,,,,,,((!追击))的伤害计算，受目标DEF、MDEF、物理/魔法抗性影响。
,,((!追擊))的傷害計算，受自身穩定率、距離威力、屬性傷害影響。,,,,,,((!追击))的伤害计算，受自身稳定率、距离威力、属性伤害影响。
,,((!追擊))永遠不會暴擊、閃躲、MISS或#Graze ，但會被阻擋。,,,,,,((!追击))永远不会暴击、闪躲、MISS或#Graze ，但会被阻挡。
,,((!追擊傷害))受物理/魔法慣性影響，但不造成慣性。,,,,,,((!追击伤害))受物理/魔法惯性影响，但不造成惯性。
,,((!追擊))僅僅是造成傷害，不會發生攻回、#猛毒 的扣血、#畏懼 的中斷動作。大部分技能計算行動次數時亦不會受到影響，僅有((!復仇女神))除外。,,,,,,((!追击))仅仅是造成伤害，不会发生攻回、#猛毒 的扣血、#畏惧 的中断动作。大部分技能计算行动次数时亦不会受到影响，仅有((!复仇女神))除外。
雷吉斯托環,category,遊戲系統說明,,,レジスタレット,用語説明,雷吉斯托环,游戏系统说明
,caption,從 選單→角色 進入該功能，為一特殊的角色強化系統，通過裝備((!晶石盒))獲得各式各樣的能力，((!晶石盒))可隨自身喜好任意更換。,,,,,,从 选单→角色 进入该功能，为一特殊的角色强化系统，通过装备((!晶石盒))获得各式各样的能力，((!晶石盒))可随自身喜好任意更换。
,list,主線通過第四章後，在艾爾．斯卡羅城將出現NPC((!史東迪))，可於此挑戰特殊關卡「((!史東迪的實驗))」，首次通關後解鎖((!雷吉斯托環))功能，之後可在此副本繼續挑戰取得((!晶石盒))與((!晶石粉末))（需要隊長持有挑戰次數）。,,,,,,主线通过第四章后，在艾尔．斯卡罗城将出现NPC((!史东迪))，可于此挑战特殊关卡「((!史东迪的实验))」，首次通关后解锁((!雷吉斯托环))功能，之后可在此副本继续挑战取得((!晶石盒))与((!晶石粉末))（需要队长持有挑战次数）。
,,((!晶石盒))可合成並強化等級，各晶石盒等級上限不同。在本站上若((!晶石盒))效果顯示為：+○○~○○，前者表示晶石盒1級時的效果，後者表示滿級時效果。,,,,,,((!晶石盒))可合成并强化等级，各晶石盒等级上限不同。在本站上若((!晶石盒))效果显示为：+○○~○○，前者表示晶石盒1级时的效果，后者表示满级时效果。
,,晶石盒初始僅能裝備1種，可通過消耗((!晶石粉末))擴充可裝備數量，最大10種。,,,,,,晶石盒初始仅能装备1种，可通过消耗((!晶石粉末))扩充可装备数量，最大10种。
,,同一帳號內，不同角色間的((!晶石盒))與可裝備上限相同，但裝備狀況都是獨立記錄的，不會發生更換角色就須重新設定晶石盒的狀況；晶石盒效果不作用於傭兵。,,,,,,同一帐号内，不同角色间的((!晶石盒))与可装备上限相同，但装备状况都是独立记录的，不会发生更换角色就须重新设定晶石盒的状况；晶石盒效果不作用于佣兵。
,,若一個技能擁有兩種以上的晶石盒（如：((!魔力共鳴))），在同時裝備時只有在((!雷吉斯托環))欄位中較上方者生效。,,,,,,若一个技能拥有两种以上的晶石盒（如：((!魔力共鸣))），在同时装备时只有在((!雷吉斯托环))栏位中较上方者生效。
納刀移動,category,遊戲系統說明,,,,,纳刀移动,游戏系统说明
,caption,為((!拔刀劍))武器的固有特性。開始((!普通攻擊))或部份((!拔刀技能))後、在動作結束前按住方向鍵，普通攻擊結束後角色將往方向鍵方向滑行。也被稱作((!滑步))。,,,,,,为((!拔刀剑))武器的固有特性。开始((!普通攻击))或部份((!拔刀技能))后、在动作结束前按住方向键，普通攻击结束后角色将往方向键方向滑行。也被称作((!滑步))。
,list,僅在((!拔刀劍))為主手時有效，副手持拔刀劍無此動作。,,,,,,仅在((!拔刀剑))为主手时有效，副手持拔刀剑无此动作。
,,只有部分拔刀技能可在動作中觸發((!納刀移動))，且若該技能置於((!連擊中))（非最後一個連擊技能）則無法觸發。,,,,,,只有部分拔刀技能可在动作中触发((!纳刀移动))，且若该技能置于((!连击中))（非最后一个连击技能）则无法触发。
,,2020/07/16後新增：使用((!納刀移動))後，角色的下一次((!一般攻擊))，最終傷害將提升((!100%))、且必定暴擊。,,,,,,2020/07/16后新增：使用((!纳刀移动))后，角色的下一次((!一般攻击))，最终伤害将提升((!100%))、且必定暴击。
,,承上，此效果被消耗後，將增加((!畫龍點睛))技能的((!疊層數))。,,,,,,承上，此效果被消耗后，将增加((!画龙点睛))技能的((!叠层数))。
隊伍外寵物能力懲罰,category,遊戲系統說明,,,,,队伍外宠物能力惩罚,游戏系统说明
,caption,2019/10/24更新後，寵物可在隊伍空間不足時，進入隱藏之((!額外隊伍))參戰。作為平衡，依據((!角色數量))，會使寵物得到能力懲罰。,,,,,,2019/10/24更新后，宠物可在队伍空间不足时，进入隐藏之((!额外队伍))参战。作为平衡，依据((!角色数量))，会使宠物得到能力惩罚。
,list,只要隊伍的((!角色數量))大於2（玩家、傭兵皆納入計算），懲罰就會對所有寵物生效。,,,,,,只要队伍的((!角色数量))大于2（玩家、佣兵皆纳入计算），惩罚就会对所有宠物生效。
,,受懲罰的能力包含：((!攻擊傷害))、ASPD、CSPD、((!攻擊MP回復))、((!MP自然回復))、受((!充電寵物回復量))。,,,,,,受惩罚的能力包含：((!攻击伤害))、ASPD、CSPD、((!攻击MP回复))、((!MP自然回复))、受((!充电宠物回复量))。
,,滿足懲罰條件時，上述受影響之能力變為原先的((100-(角色數量-1)×17)) %。,,,,,,满足惩罚条件时，上述受影响之能力变为原先的((100-(角色数量-1)×17)) %。
,,膽小、沉穩性格的戰鬥中回復MP，僅有依((!MP自然回復))計算的部分受影響，性格所帶的額外MP回復不受影響。,,,,,,胆小、沉稳性格的战斗中回复MP，仅有依((!MP自然回复))计算的部分受影响，性格所带的额外MP回复不受影响。
,,((!合成次數))只可減輕((!攻擊傷害))的懲罰量，而次數需求過於龐大，可以忽略。,,,,,,((!合成次数))只可减轻((!攻击伤害))的惩罚量，而次数需求过于庞大，可以忽略。
,,關於((!合成次數))對懲罰的緩和可參考：((!https://forum.gamer.com.tw/embed.php?bsn=28271&sn=31888))。,,,,,,关于((!合成次数))对惩罚的缓和可参考：((!https://forum.gamer.com.tw/embed.php?bsn=28271&sn=31888))。
技能常數,category,名詞說明,,,,,,名词说明
,caption,技能計算傷害時，不被怪物抗性減免的基礎值的部分，稱為((!技能常數))，官方用語以「((!技能威力))」稱呼之。,,,,,,技能计算伤害时，不被怪物抗性减免的基础值的部分，称为((!技能常数))，官方用语以「((!技能威力))」称呼之。
,list,大約有一半以上的技能，其((!技能常數))等同於技能的((!基礎消耗MP))，但由於例外技能較多，不適合作為常規數值看待。,,,,,,大约有一半以上的技能，其((!技能常数))等同于技能的((!基础消耗MP))，但由于例外技能较多，不适合作为常规数值看待。
,,「普通攻擊常數」可視為普通攻擊的技能常數，基礎值為0，可通過部分技能提升。,,,,,,「普通攻击常数」可视为普通攻击的技能常数，基础值为0，可通过部分技能提升。
技能倍率,category,名詞說明,,,,,,名词说明
,caption,技能計算傷害時，在基礎值之後的其中一項乘數，官方用語以「((!威力))」稱呼之。,,,,,,技能计算伤害时，在基础值之后的其中一项乘数，官方用语以「((!威力))」称呼之。
限傷時視為單段/多段傷害,category,名詞說明,,,,,,名词说明
,caption,此名詞意指((!多段式傷害))技能若遇到有((!傷害限制))的目標時，會如何進行((!傷害限制))的計算，與((!傷害判定))為分開進行。,,,,,,此名词意指((!多段式伤害))技能若遇到有((!伤害限制))的目标时，会如何进行((!伤害限制))的计算，与((!伤害判定))为分开进行。
,list,((!傷害限制))包含上限與下限，例如：當目標防禦過高導致造成1傷害，此即為一種傷害下限。,,,,,,((!伤害限制))包含上限与下限，例如：当目标防御过高导致造成1伤害，此即为一种伤害下限。
,,假如有一個3段傷害的技能發生上述情況，若該技能被視為((!多段傷害))，則會造成3次的1傷害；若被視為((!單段傷害))，則三段傷害將分別為1、0、0。,,,,,,假如有一个3段伤害的技能发生上述情况，若该技能被视为((!多段伤害))，则会造成3次的1伤害；若被视为((!单段伤害))，则三段伤害将分别为1、0、0。
施放武器,category,名詞說明,Weapon Used,,,用語説明,施放武器,名词说明
,caption,該技能的施放距離同((!施放武器))，通常而言裝備在((!主手))的武器即是施放武器。但仍有部分例外，如部分((!魔劍技能))以副手魔導具作為施放武器、((!刀術技能))以副手小刀作為施放武器。,,,,,,该技能的施放距离同((!施放武器))，通常而言装备在((!主手))的武器即是施放武器。但仍有部分例外，如部分((!魔剑技能))以副手魔导具作为施放武器、((!刀术技能))以副手小刀作为施放武器。
,list,即使是同一種類的武器，攻擊距離也不盡相同，以下列出各武器的常見攻擊距離（括號內為罕見攻擊距離）。,,,,,,即使是同一种类的武器，攻击距离也不尽相同，以下列出各武器的常见攻击距离（括号内为罕见攻击距离）。
,,空手：1,,,,素手：1,,空手：1
,,單手劍：2 (3),,,,片手剣：2(3),,单手剑：2 (3)
,,雙手劍：3 (4),,,,両手剣：3(4),,双手剑：3 (4)
,,弓：10 (8、9、12),,,,弓：10(8、9、12),,弓：10 (8、9、12)
,,弩：8 (4、7、10、12),,,,銃：8(4、7、10、12),,弩：8 (4、7、10、12)
,,拳套：1.5 (2),,,,手甲：1.5(2),,拳套：1.5 (2)
,,法杖：2 (4),,,,杖：2(4),,法杖：2 (4)
,,魔導具：6 (4、10、12),,,,,,魔导具：6 (4、10、12)
,,旋風槍：3.5 (3),,,,,,旋风枪：3.5 (3)
,,拔刀劍：2 (2.5),,,,,,拔刀剑：2 (2.5)
,,使用射程跟隨於武器的技能時，((!遠程狙擊))技能的生效與否，亦決定於裝備武器的攻擊距離。,,,,,,使用射程跟随于武器的技能时，((!远程狙击))技能的生效与否，亦决定于装备武器的攻击距离。
法術暴擊轉化率,category,名詞說明,magic crt conversion rate,,,,法术暴击转化率,名词说明
,caption,法術暴擊轉化率決定物理暴擊率反映至((!魔法暴擊))的比率；法術暴傷轉化率則是物理暴擊傷害反映至((!魔法暴擊傷害))的比率。,,,,,,法术暴击转化率决定物理暴击率反映至((!魔法暴击))的比率；法术暴伤转化率则是物理暴击伤害反映至((!魔法暴击伤害))的比率。
,list,((!法術暴擊轉化率))基礎為0，但((!法術暴傷轉化率))基礎為50。,,,,,,((!法术暴击转化率))基础为0，但((!法术暴伤转化率))基础为50。
,,魔法暴擊率：公式為((物理暴擊率×法術暴擊轉化率))。,,,,,,魔法暴击率：公式为((物理暴击率×法术暴击转化率))。
,,魔法暴擊傷害：公式為((100+(物理暴擊傷害-100)×法術暴傷轉化率))%。,,,,,,魔法暴击伤害：公式为((100+(物理暴击伤害-100)×法术暴伤转化率))%。
,,不同來源的((!暴擊轉化率))、((!暴傷轉化率))可以疊加，但上限為100%。,,,,,,不同来源的((!暴击转化率))、((!暴伤转化率))可以叠加，但上限为100%。
法術額外屬性傷害/剋屬傷害,category,名詞說明,,,,,,名词说明
,caption,2022/03/23更新後，當使用((!傷害類型為魔法))的攻擊時，可在原先的25%對屬傷害提升的基礎上，獲得額外的((!對屬性傷害))。,,,,,,2022/03/23更新后，当使用((!伤害类型为魔法))的攻击时，可在原先的25%对属伤害提升的基础上，获得额外的((!对属性伤害))。
,list,提升的對屬性強化的數值為：((角色基礎INT÷10))，與通常的「對X屬性傷害」的數值為疊加。,,,,,,提升的对属性强化的数值为：((角色基础INT÷10))，与通常的「对X属性伤害」的数值为叠加。
,,當主手為((!法杖))或((!魔導具))時，此規則變更為只要攻擊帶有((!無屬性以外))的元素屬性，便可無視克制關係，獲得對所有屬性的額外對屬性傷害強化（包括對無屬性）。,,,,,,当主手为((!法杖))或((!魔导具))时，此规则变更为只要攻击带有((!无属性以外))的元素属性，便可无视克制关系，获得对所有属性的额外对属性伤害强化（包括对无属性）。
,,,,,,,,
,,此外，僅當主手為((!法杖))時，若攻擊為((!無屬性))，則可獲得額外25%的#[法術暴擊轉化率]。,,,,,,此外，仅当主手为((!法杖))时，若攻击为((!无属性))，则可获得额外25%的#[法术暴击转化率]。
潛力容量,category,名詞說明,,,,,潜力容量,名词说明
,caption,潛力容量，決定了在強化裝備時，單條屬性可附的數值上下限。（此規則僅適用於角色等級200以下，已不適用於當前版本）,,,,,,潜力容量，决定了在强化装备时，单条属性可附的数值上下限。 （此规则仅适用于角色等级200以下，已不适用于当前版本）
,list,強化裝備時所付予的各項屬性皆有其各自上下限，例如ATK%最多僅能±10%、物理貫穿最多±5%…，上限與下限的絕對值相同。,,,,,,强化装备时所付予的各项属性皆有其各自上下限，例如ATK%最多仅能±10%、物理贯穿最多±5%…，上限与下限的绝对值相同。
,,屬性上限受到((!玩家等級))與((!潛力容量))共同影響，取較小者作為上限。,,,,,,属性上限受到((!玩家等级))与((!潜力容量))共同影响，取较小者作为上限。
,,((!玩家等級))部分，屬性的數值上限為：((角色等級/10))。,,,,,,((!玩家等级))部分，属性的数值上限为：((角色等级/10))。
,,((!潛力容量))部分，屬性的數值上限為：((潛力容量/該屬性原始消耗潛力)),,,,,,((!潜力容量))部分，属性的数值上限为：((潜力容量/该属性原始消耗潜力))
,,((!潛力容量))初始為10。((!強化裝備))、((!正確的強化))與((!大師級強化技術))技能皆會提高上限。,,,,,,((!潜力容量))初始为10。 ((!强化装备))、((!正确的强化))与((!大师级强化技术))技能皆会提高上限。
,,2020/05/28：等級達到((!210))後，此規則發生變動，部分屬性不再適用。,,,,,,2020/05/28：等级达到((!210))后，此规则发生变动，部分属性不再适用。